date,confirmed,deaths,recovered,new_confirmed,new_deaths,new_recovered,new_confirmed_smooth,new_deaths_smooth,new_recovered_smooth
2020-01-25,2,0,0,0,0,0,0.7142857142857143,0.0,0.14285714285714285
2020-01-26,4,0,1,2,0,1,0.7142857142857143,0.0,0.14285714285714285
2020-01-27,4,0,1,0,0,0,1.2857142857142858,0.0,0.14285714285714285
2020-01-28,7,0,1,3,0,0,1.8571428571428572,0.0,0.14285714285714285
2020-01-29,7,0,1,0,0,0,2.5714285714285716,0.0,0.14285714285714285
2020-01-30,11,0,1,4,0,0,2.2857142857142856,0.0,0.0
2020-01-31,15,0,1,4,0,0,2.2857142857142856,0.0,0.0
2020-02-01,20,0,1,5,0,0,2.142857142857143,0.0,0.0
2020-02-02,20,0,1,0,0,0,2.2857142857142856,0.0,0.0
2020-02-03,20,0,1,0,0,0,1.7142857142857142,0.0,0.0
2020-02-04,22,0,1,2,0,0,1.1428571428571428,0.0,0.0
2020-02-05,23,0,1,1,0,0,0.5714285714285714,0.0,0.0
2020-02-06,23,0,1,0,0,0,0.5714285714285714,0.0,0.0
2020-02-07,23,0,1,0,0,0,0.8571428571428571,0.0,0.42857142857142855
2020-02-08,24,0,1,1,0,0,0.7142857142857143,0.0,1.1428571428571428
2020-02-09,24,0,1,0,0,0,0.7142857142857143,0.0,1.1428571428571428
2020-02-10,26,0,4,2,0,3,1.4285714285714286,0.14285714285714285,1.1428571428571428
2020-02-11,27,0,9,1,0,5,2.857142857142857,0.14285714285714285,1.1428571428571428
2020-02-12,28,0,9,1,0,0,4.285714285714286,0.14285714285714285,1.5714285714285714
2020-02-13,33,1,9,5,1,0,5.142857142857143,0.14285714285714285,1.5714285714285714
2020-02-14,43,1,9,10,0,0,5.857142857142857,0.14285714285714285,1.1428571428571428
2020-02-15,54,1,12,11,0,3,7.428571428571429,0.2857142857142857,0.5714285714285714
2020-02-16,60,1,12,6,0,0,8.142857142857142,0.2857142857142857,1.2857142857142858
2020-02-17,67,1,12,7,0,0,8.857142857142858,0.14285714285714285,1.2857142857142858
2020-02-18,79,2,13,12,1,1,9.857142857142858,0.14285714285714285,1.8571428571428572
2020-02-19,85,2,18,6,0,5,11.857142857142858,0.14285714285714285,1.4285714285714286
2020-02-20,95,2,18,10,0,0,12.714285714285714,0.14285714285714285,1.4285714285714286
2020-02-21,112,2,22,17,0,4,13.285714285714286,0.14285714285714285,1.4285714285714286
2020-02-22,137,2,22,25,0,0,13.428571428571429,0.14285714285714285,1.2857142857142858
2020-02-23,149,2,22,12,0,0,15.285714285714286,0.14285714285714285,0.5714285714285714
2020-02-24,160,2,22,11,0,0,17.571428571428573,0.2857142857142857,0.5714285714285714
2020-02-25,173,3,22,13,1,0,17.714285714285715,0.42857142857142855,0.0
2020-02-26,192,3,22,19,0,0,15.428571428571429,0.5714285714285714,1.4285714285714286
2020-02-27,218,4,22,26,1,0,15.714285714285714,0.5714285714285714,1.4285714285714286
2020-02-28,236,5,22,18,1,0,16.857142857142858,0.5714285714285714,1.4285714285714286
2020-02-29,245,6,32,9,1,10,17.857142857142858,0.42857142857142855,3.0
2020-03-01,259,6,32,14,0,0,20.142857142857142,0.5714285714285714,3.0
2020-03-02,278,6,32,19,0,0,21.0,0.42857142857142855,3.0
2020-03-03,298,6,43,20,0,11,26.285714285714285,0.2857142857142857,3.4285714285714284
2020-03-04,333,7,43,35,1,0,31.571428571428573,0.14285714285714285,6.285714285714286
2020-03-05,365,7,43,32,0,0,34.285714285714285,0.2857142857142857,6.285714285714286
2020-03-06,420,7,46,55,0,3,35.57142857142857,0.5714285714285714,6.285714285714286
2020-03-07,466,7,76,46,0,30,41.0,1.0,8.285714285714286
2020-03-08,499,8,76,33,1,0,43.857142857142854,1.1428571428571428,10.714285714285714
2020-03-09,527,10,76,28,2,0,47.285714285714285,1.7142857142857142,10.714285714285714
2020-03-10,585,13,101,58,3,25,44.714285714285715,2.0,10.285714285714286
2020-03-11,640,15,118,55,2,17,47.0,2.142857142857143,6.0
2020-03-12,696,19,118,56,4,0,46.714285714285715,2.2857142857142856,6.0
2020-03-13,733,21,118,37,2,0,45.142857142857146,2.857142857142857,9.714285714285714
2020-03-14,795,22,118,62,1,0,44.0,2.4285714285714284,6.142857142857143
2020-03-15,826,24,118,31,2,0,41.142857142857146,2.4285714285714284,3.7142857142857144
2020-03-16,843,30,144,17,6,26,38.857142857142854,2.0,4.571428571428571
2020-03-17,893,30,144,50,0,0,41.285714285714285,1.8571428571428572,10.428571428571429
2020-03-18,928,32,144,35,2,0,37.714285714285715,2.0,16.285714285714285
2020-03-19,968,33,150,40,1,6,39.714285714285715,2.2857142857142856,16.714285714285715
2020-03-20,1022,34,191,54,1,41,43.0,1.5714285714285714,13.0
2020-03-21,1059,36,232,37,2,41,46.285714285714285,1.7142857142857142,20.142857142857142
2020-03-22,1104,40,235,45,4,3,55.142857142857146,1.8571428571428572,23.714285714285715
2020-03-23,1144,41,235,40,1,0,64.0,2.0,29.857142857142858
2020-03-24,1217,42,285,73,1,50,72.57142857142857,2.7142857142857144,25.857142857142858
2020-03-25,1314,45,310,97,3,25,95.57142857142857,2.857142857142857,24.571428571428573
2020-03-26,1416,47,359,102,2,49,114.71428571428571,3.2857142857142856,27.0
2020-03-27,1530,53,372,114,6,13,122.42857142857143,3.4285714285714284,27.0
2020-03-28,1728,56,404,198,3,32,148.28571428571428,3.5714285714285716,19.857142857142858
2020-03-29,1907,63,424,179,7,20,174.42857142857142,3.857142857142857,23.142857142857142
2020-03-30,2001,65,424,94,2,0,200.28571428571428,4.0,16.142857142857142
2020-03-31,2255,67,424,254,2,0,232.0,4.0,20.285714285714285
2020-04-01,2535,72,472,280,5,48,256.7142857142857,4.428571428571429,15.714285714285714
2020-04-02,2818,75,472,283,3,0,281.2857142857143,4.285714285714286,12.857142857142858
2020-04-03,3154,81,514,336,6,42,301.2857142857143,4.428571428571429,21.571428571428573
2020-04-04,3525,87,514,371,6,0,318.57142857142856,4.428571428571429,24.0
2020-04-05,3876,93,514,351,6,0,355.0,4.714285714285714,21.428571428571427
2020-04-06,4110,96,575,234,3,61,399.42857142857144,5.428571428571429,22.857142857142858
2020-04-07,4485,98,592,375,2,17,442.2857142857143,6.285714285714286,24.428571428571427
2020-04-08,5020,105,622,535,7,30,489.42857142857144,7.285714285714286,35.42857142857143
2020-04-09,5614,113,632,594,8,10,513.8571428571429,7.714285714285714,35.42857142857143
2020-04-10,6250,125,685,636,12,53,523.2857142857143,8.571428571428571,29.857142857142858
2020-04-11,6951,138,762,701,13,77,541.7142857142857,10.285714285714286,29.571428571428573
2020-04-12,7473,147,762,522,9,0,545.0,11.571428571428571,33.0
2020-04-13,7773,156,784,300,9,22,540.5714285714286,13.0,38.42857142857143
2020-04-14,8277,170,799,504,14,15,529.7142857142857,13.142857142857142,35.714285714285715
2020-04-15,8835,186,853,558,16,54,513.8571428571429,14.0,43.857142857142854
2020-04-16,9398,204,901,563,18,48,491.57142857142856,15.428571428571429,56.714285714285715
2020-04-17,9958,217,935,560,13,34,497.85714285714283,17.0,53.57142857142857
2020-04-18,10548,236,1069,590,19,134,480.57142857142856,19.0,62.857142857142854
2020-04-19,10914,255,1159,366,19,90,457.42857142857144,19.571428571428573,71.85714285714286
2020-04-20,11258,275,1159,344,20,0,438.7142857142857,21.0,84.71428571428571
2020-04-21,11641,303,1239,383,28,80,413.7142857142857,20.428571428571427,85.0
2020-04-22,12037,323,1356,396,20,117,376.85714285714283,20.428571428571427,83.85714285714286
2020-04-23,12469,351,1494,432,28,138,355.85714285714283,20.0,92.85714285714286
2020-04-24,12854,360,1530,385,9,36,331.14285714285717,20.285714285714285,105.71428571428571
2020-04-25,13186,379,1656,332,19,126,317.0,19.0,94.28571428571429
2020-04-26,13405,395,1809,219,16,153,291.2857142857143,18.714285714285715,144.57142857142858
2020-04-27,13576,417,1899,171,22,90,259.2857142857143,18.571428571428573,138.0
2020-04-28,13860,436,1899,284,19,0,243.42857142857142,21.428571428571427,206.42857142857142
2020-04-29,14076,454,2368,216,18,469,239.28571428571428,22.428571428571427,221.28571428571428
2020-04-30,14284,481,2460,208,27,92,236.57142857142858,23.571428571428573,310.2857142857143
2020-05-01,14558,510,2975,274,29,515,236.14285714285714,23.571428571428573,322.42857142857144
2020-05-02,14861,536,3205,303,26,230,213.42857142857142,22.428571428571427,371.0
2020-05-03,15061,560,3981,200,24,776,197.0,21.571428571428573,304.0
2020-05-04,15229,582,4156,168,22,175,181.28571428571428,19.428571428571427,351.14285714285717
2020-05-05,15354,593,4496,125,11,340,154.57142857142858,17.714285714285715,310.14285714285717
2020-05-06,15455,605,4496,101,12,0,127.71428571428571,16.857142857142858,385.85714285714283
2020-05-07,15553,617,4918,98,12,422,109.0,15.142857142857142,592.2857142857143
2020-05-08,15640,634,5146,87,17,228,90.28571428571429,14.714285714285714,591.0
2020-05-09,15755,654,5906,115,20,760,84.85714285714286,16.285714285714285,576.4285714285714
2020-05-10,15824,666,8127,69,12,2221,77.57142857142857,17.285714285714285,632.0
2020-05-11,15861,685,8293,37,19,166,77.57142857142857,17.857142857142858,707.1428571428571
2020-05-12,15948,707,8531,87,22,238,72.57142857142857,18.0,741.7142857142857
2020-05-13,15998,726,8920,50,19,389,63.857142857142854,17.714285714285715,633.1428571428571
2020-05-14,16096,742,9868,98,16,948,57.42857142857143,17.285714285714285,432.2857142857143
2020-05-15,16148,760,10338,52,18,470,56.857142857142854,15.857142857142858,467.2857142857143
2020-05-16,16202,778,10338,54,18,0,48.42857142857143,14.0,433.2857142857143
2020-05-17,16226,787,11153,24,9,815,46.142857142857146,13.142857142857142,377.7142857142857
2020-05-18,16259,796,11564,33,9,411,38.0,12.0,400.57142857142856
2020-05-19,16287,805,11564,28,9,0,33.857142857142854,10.857142857142858,381.0
2020-05-20,16321,818,11564,34,13,0,29.714285714285715,9.571428571428571,415.14285714285717
2020-05-21,16362,826,12672,41,8,1108,32.142857142857146,9.285714285714286,322.85714285714283
2020-05-22,16385,836,13005,23,10,333,30.428571428571427,8.714285714285714,292.57142857142856
2020-05-23,16410,845,13244,25,9,239,30.714285714285715,8.285714285714286,320.85714285714283
2020-05-24,16451,852,13413,41,7,169,29.571428571428573,7.428571428571429,344.14285714285717
2020-05-25,16472,857,13612,21,5,199,32.285714285714285,8.285714285714286,203.42857142857142
2020-05-26,16502,863,13810,30,6,198,39.42857142857143,7.714285714285714,172.57142857142858
2020-05-27,16528,870,13973,26,7,163,42.285714285714285,7.142857142857143,146.14285714285714
2020-05-28,16588,884,14096,60,14,123,41.42857142857143,6.571428571428571,132.71428571428572
2020-05-29,16661,890,14213,73,6,117,43.714285714285715,6.142857142857143,121.57142857142857
2020-05-30,16706,895,14267,45,5,54,46.714285714285715,5.714285714285714,110.71428571428571
2020-05-31,16741,898,14342,35,3,75,47.142857142857146,5.428571428571429,104.14285714285714
2020-06-01,16778,900,14463,37,2,121,44.857142857142854,4.142857142857143,98.42857142857143
2020-06-02,16829,903,14585,51,3,122,41.142857142857146,3.857142857142857,101.71428571428571
2020-06-03,16858,908,14702,29,5,117,41.285714285714285,3.4285714285714284,94.28571428571429
2020-06-04,16902,913,14785,44,5,83,41.714285714285715,3.0,92.57142857142857
2020-06-05,16949,917,14925,47,4,140,39.42857142857143,3.142857142857143,82.85714285714286
2020-06-06,16995,919,14927,46,2,2,38.57142857142857,2.857142857142857,79.42857142857143
2020-06-07,17033,919,14990,38,0,63,39.57142857142857,2.4285714285714284,73.57142857142857
2020-06-08,17054,922,15043,21,3,53,39.57142857142857,1.7142857142857142,64.0
2020-06-09,17099,923,15141,45,1,98,41.57142857142857,1.7142857142857142,62.42857142857143
2020-06-10,17135,925,15217,36,2,76,41.42857142857143,1.7142857142857142,75.85714285714286
2020-06-11,17179,925,15233,44,0,16,46.714285714285715,1.7142857142857142,74.85714285714286
2020-06-12,17240,929,15362,61,4,129,54.0,1.5714285714285714,74.85714285714286
2020-06-13,17285,931,15458,45,2,96,53.57142857142857,2.142857142857143,73.0
2020-06-14,17360,931,15514,75,0,56,55.0,2.0,76.57142857142857
2020-06-15,17432,933,15567,72,2,53,58.57142857142857,2.142857142857143,74.28571428571429
2020-06-16,17474,938,15652,42,5,85,58.57142857142857,4.285714285714286,68.85714285714286
2020-06-17,17520,939,15753,46,1,101,61.285714285714285,4.0,70.0
2020-06-18,17589,940,15753,69,1,0,58.42857142857143,4.142857142857143,62.0
2020-06-19,17650,959,15844,61,19,91,54.285714285714285,4.0,55.714285714285715
2020-06-20,17714,959,15948,64,0,104,56.42857142857143,3.857142857142857,63.42857142857143
2020-06-21,17769,960,15948,55,1,0,63.57142857142857,4.285714285714286,49.714285714285715
2020-06-22,17812,961,15957,43,1,9,65.42857142857143,4.428571428571429,55.57142857142857
2020-06-23,17869,965,16096,57,4,139,71.71428571428571,1.7142857142857142,54.285714285714285
2020-06-24,17965,969,16101,96,4,5,75.71428571428571,1.8571428571428572,49.285714285714285
2020-06-25,18047,971,16142,82,2,41,84.0,1.7142857142857142,54.142857142857146
2020-06-26,18152,971,16224,105,0,82,93.57142857142857,1.8571428571428572,61.57142857142857
2020-06-27,18244,972,16293,92,1,69,105.14285714285714,1.2857142857142858,51.714285714285715
2020-06-28,18357,972,16327,113,0,34,109.57142857142857,1.0,66.0
2020-06-29,18467,974,16388,110,2,61,125.57142857142857,0.8571428571428571,67.57142857142857
2020-06-30,18605,974,16458,138,0,70,146.28571428571428,0.8571428571428571,71.0
2020-07-01,18732,976,16563,127,2,105,172.28571428571428,0.7142857142857143,77.0
2020-07-02,18926,977,16615,194,1,52,185.85714285714286,0.7142857142857143,77.57142857142857
2020-07-03,19176,977,16721,250,0,106,195.28571428571428,0.5714285714285714,88.42857142857143
2020-07-04,19450,977,16832,274,0,111,205.28571428571428,0.8571428571428571,85.57142857142857
2020-07-05,19658,977,16870,208,0,38,216.71428571428572,0.8571428571428571,70.57142857142857
2020-07-06,19834,978,17007,176,1,137,239.71428571428572,0.7142857142857143,113.85714285714286
2020-07-07,20042,980,17057,208,2,50,265.42857142857144,0.7142857142857143,110.42857142857143
2020-07-08,20249,982,17057,207,2,0,281.42857142857144,0.8571428571428571,94.57142857142857
2020-07-09,20604,982,17412,355,0,355,309.85714285714283,0.8571428571428571,139.28571428571428
2020-07-10,21034,982,17494,430,0,82,321.7142857142857,0.8571428571428571,150.14285714285714
2020-07-11,21420,983,17494,386,1,0,339.57142857142856,0.5714285714285714,152.71428571428572
2020-07-12,21827,983,17845,407,0,351,374.2857142857143,0.42857142857142855,152.71428571428572
2020-07-13,22086,984,18058,259,1,213,412.7142857142857,0.42857142857142855,175.57142857142858
2020-07-14,22419,984,18126,333,0,68,436.57142857142856,0.42857142857142855,207.14285714285714
2020-07-15,22869,985,18126,450,1,0,475.85714285714283,0.42857142857142855,245.28571428571428
2020-07-16,23493,985,18641,624,0,515,490.7142857142857,0.42857142857142855,195.14285714285714
2020-07-17,24090,985,18944,597,0,303,513.4285714285714,0.5714285714285714,220.71428571428572
2020-07-18,24751,986,19211,661,1,267,556.1428571428571,0.7142857142857143,267.85714285714283
2020-07-19,25262,986,19211,511,0,0,605.4285714285714,0.7142857142857143,336.57142857142856
2020-07-20,25680,988,19603,418,2,392,656.4285714285714,1.0,319.57142857142856
2020-07-21,26312,989,20001,632,1,398,682.4285714285714,1.4285714285714286,318.42857142857144
2020-07-22,27107,990,20482,795,1,481,702.4285714285714,1.7142857142857142,321.85714285714283
2020-07-23,28088,992,20878,981,2,396,749.2857142857143,1.7142857142857142,342.14285714285717
2020-07-24,28867,995,21173,779,3,295,775.2857142857143,1.5714285714285714,338.14285714285717
2020-07-25,29668,998,21464,801,3,291,825.7142857142857,1.8571428571428572,376.42857142857144
2020-07-26,30507,998,21606,839,0,142,893.5714285714286,2.2857142857142856,409.85714285714283
2020-07-27,31107,999,21970,600,1,364,940.2857142857143,2.142857142857143,449.42857142857144
2020-07-28,32092,1002,22636,985,3,666,1055.5714285714287,2.5714285714285716,514.4285714285714
2020-07-29,33362,1006,23351,1270,4,715,1160.2857142857142,2.142857142857143,554.7142857142857
2020-07-30,34670,1007,24024,1308,1,673,1230.5714285714287,2.142857142857143,591.7142857142857
2020-07-31,36256,1013,24774,1586,6,750,1282.7142857142858,2.7142857142857144,643.7142857142857
2020-08-01,37790,1013,25347,1534,0,573,1320.0,3.0,650.1428571428571
2020-08-02,39121,1013,25748,1331,0,401,1332.142857142857,3.4285714285714284,667.0
2020-08-03,40086,1018,26476,965,5,728,1357.4285714285713,4.142857142857143,690.5714285714286
2020-08-04,41332,1023,27187,1246,5,711,1360.142857142857,4.285714285714286,781.0
2020-08-05,42687,1030,28020,1355,7,833,1365.4285714285713,4.428571428571429,843.0
2020-08-06,44172,1036,28858,1485,6,838,1381.142857142857,5.142857142857143,1017.0
2020-08-07,45777,1043,30241,1605,7,1383,1363.0,5.142857142857143,996.2857142857143
2020-08-08,47348,1044,31248,1571,1,1007,1284.5714285714287,5.428571428571429,992.7142857142857
2020-08-09,48789,1049,32867,1441,5,1619,1230.857142857143,5.142857142857143,992.7142857142857
2020-08-10,49627,1054,33450,838,5,583,1186.142857142857,5.857142857142857,1047.5714285714287
2020-08-11,50324,1061,34136,697,7,686,1150.5714285714287,6.142857142857143,850.0
2020-08-12,51303,1066,34969,979,5,833,1102.0,7.0,1269.142857142857
2020-08-13,52475,1077,36191,1172,11,1222,1041.4285714285713,7.857142857142857,1198.0
2020-08-14,53831,1086,35498,1356,9,0,1014.1428571428571,9.285714285714286,1262.0
2020-08-15,55062,1093,39439,1231,7,3941,1045.4285714285713,10.571428571428571,1360.2857142857142
2020-08-16,56079,1104,40560,1017,11,1121,1058.4285714285713,11.857142857142858,1358.5714285714287
2020-08-17,56726,1119,41591,647,15,1031,1059.2857142857142,11.857142857142858,1373.142857142857
2020-08-18,57642,1135,42965,916,16,1374,1013.7142857142857,12.714285714285714,1538.0
2020-08-19,58712,1149,43786,1070,14,821,978.4285714285714,12.571428571428571,1139.857142857143
2020-08-20,59890,1160,45110,1178,11,1324,939.4285714285714,12.285714285714286,1108.4285714285713
2020-08-21,60927,1175,46264,1037,15,1154,917.4285714285714,12.0,1071.142857142857
2020-08-22,61911,1181,47418,984,6,1154,888.7142857142857,11.714285714285714,1018.1428571428571
2020-08-23,62655,1190,48319,744,9,901,864.8571428571429,11.571428571428571,1088.7142857142858
2020-08-24,63148,1203,49089,493,13,770,819.8571428571429,11.571428571428571,1061.7142857142858
2020-08-25,63863,1217,50092,715,14,1003,796.8571428571429,12.285714285714286,1061.0
2020-08-26,64766,1230,51407,903,13,1315,776.8571428571429,13.0,1066.4285714285713
2020-08-27,65629,1241,52542,863,11,1135,756.2857142857143,13.714285714285714,1054.4285714285713
2020-08-28,66505,1261,53691,876,20,1149,748.1428571428571,13.857142857142858,1035.5714285714287
2020-08-29,67349,1272,54883,844,11,1192,736.4285714285714,13.857142857142858,1058.7142857142858
2020-08-30,67949,1286,55700,600,14,817,692.0,13.857142857142858,957.2857142857143
2020-08-31,68385,1300,56338,436,14,638,662.5714285714286,13.428571428571429,808.2857142857143
2020-09-01,69018,1314,57503,633,14,1165,621.2857142857143,13.0,914.5714285714286
2020-09-02,69610,1327,58108,592,13,605,586.1428571428571,12.714285714285714,888.0
2020-09-03,70267,1335,58200,657,8,92,564.8571428571429,11.857142857142858,861.4285714285714
2020-09-04,70854,1352,60093,587,17,1893,544.1428571428571,11.428571428571429,836.0
2020-09-05,71452,1361,61099,598,9,1006,526.4285714285714,12.0,776.1428571428571
2020-09-06,71903,1369,61730,451,8,631,514.4285714285714,12.142857142857142,803.7142857142857
2020-09-07,72194,1380,62190,291,11,460,522.2857142857143,12.0,898.4285714285714
2020-09-08,72703,1398,62936,509,18,746,530.1428571428571,10.857142857142858,735.8571428571429
2020-09-09,73211,1412,63734,508,14,798,537.0,11.428571428571429,690.7142857142857
2020-09-10,73923,1419,64489,712,7,755,535.2857142857143,11.142857142857142,684.8571428571429
2020-09-11,74565,1428,65244,642,9,755,531.7142857142857,10.571428571428571,673.0
2020-09-12,75211,1441,65934,646,13,690,534.8571428571429,9.857142857142858,566.4285714285714
2020-09-13,75650,1447,66524,439,6,590,541.0,9.714285714285714,625.1428571428571
2020-09-14,75916,1454,66901,266,7,377,509.14285714285717,10.0,619.7142857142857
2020-09-15,76447,1467,66901,531,13,0,499.14285714285717,10.142857142857142,603.4285714285714
2020-09-16,76998,1480,68110,551,13,1209,492.0,8.857142857142858,588.1428571428571
2020-09-17,77487,1489,68827,489,9,717,497.85714285714283,8.571428571428571,582.8571428571429
2020-09-18,78059,1499,69468,572,10,641,504.14285714285717,8.571428571428571,581.2857142857143
2020-09-19,78655,1503,70051,596,4,583,475.57142857142856,7.428571428571429,616.1428571428571
2020-09-20,79135,1507,70604,480,4,553,428.14285714285717,6.428571428571429,491.0
2020-09-21,79445,1514,70970,310,7,366,427.14285714285717,6.857142857142857,462.7142857142857
2020-09-22,79776,1519,71214,331,5,244,427.2857142857143,6.428571428571429,506.85714285714283
2020-09-23,79995,1525,71547,219,6,333,433.42857142857144,6.285714285714286,518.0
2020-09-24,80477,1537,72066,482,12,519,434.14285714285717,6.142857142857143,439.0
2020-09-25,81050,1544,73016,573,7,950,433.0,6.714285714285714,503.57142857142856
2020-09-26,81689,1547,73677,639,3,661,461.0,7.0,535.4285714285714
2020-09-27,82174,1550,73677,485,3,0,512.0,7.142857142857143,567.8571428571429
2020-09-28,82476,1561,74495,302,11,818,533.5714285714286,6.571428571428571,573.5714285714286
2020-09-29,83003,1568,74962,527,7,467,529.1428571428571,7.0,526.2857142857143
2020-09-30,83579,1575,75522,576,7,560,519.8571428571429,7.428571428571429,431.85714285714283
2020-10-01,84212,1583,76081,633,8,559,507.7142857142857,7.142857142857143,596.2857142857143
2020-10-02,84754,1593,76700,542,10,619,504.42857142857144,6.142857142857143,510.85714285714283
2020-10-03,85328,1599,76700,574,6,0,500.57142857142856,6.142857142857143,508.42857142857144
2020-10-04,85728,1600,77851,400,1,1151,490.57142857142856,5.857142857142857,514.4285714285714
2020-10-05,86007,1604,78071,279,4,220,489.7142857142857,5.142857142857143,513.2857142857143
2020-10-06,86507,1611,78521,500,7,450,498.42857142857144,4.571428571428571,491.42857142857144
2020-10-07,87013,1616,79123,506,5,602,513.2857142857143,4.142857142857143,585.4285714285714
2020-10-08,87640,1619,79674,627,3,551,518.4285714285714,4.285714285714286,487.85714285714283
2020-10-09,88243,1625,80140,603,6,466,518.2857142857143,4.285714285714286,497.2857142857143
2020-10-10,88921,1628,80798,678,3,658,518.0,3.857142857142857,506.0
2020-10-11,89357,1630,81266,436,2,468,524.5714285714286,4.428571428571429,493.2857142857143
2020-10-12,89635,1634,81552,278,4,286,536.1428571428571,4.428571428571429,514.0
2020-10-13,90133,1638,82063,498,4,511,541.2857142857143,5.714285714285714,534.5714285714286
2020-10-14,90685,1647,82576,552,9,513,533.4285714285714,6.142857142857143,523.2857142857143
2020-10-15,91393,1650,83272,708,3,696,532.5714285714286,6.428571428571429,456.42857142857144
2020-10-16,92032,1665,83882,639,15,610,538.0,6.142857142857143,536.8571428571429
2020-10-17,92655,1671,84461,623,6,579,535.5714285714286,6.0,543.4285714285714
2020-10-18,93085,1675,84461,430,4,0,544.5714285714286,5.714285714285714,550.4285714285714
2020-10-19,93401,1677,85310,316,2,849,531.4285714285714,6.857142857142857,535.7142857142857
2020-10-20,93882,1680,85867,481,3,557,546.5714285714286,6.428571428571429,531.1428571428571
2020-10-21,94497,1687,86429,615,7,562,561.2857142857143,6.142857142857143,525.2857142857143
2020-10-22,95113,1698,87022,616,11,593,570.2857142857143,6.428571428571429,592.7142857142857
2020-10-23,95858,1710,87600,745,12,578,583.7142857142857,7.285714285714286,531.5714285714286
2020-10-24,96584,1714,88138,726,4,538,607.2857142857143,7.571428571428571,514.0
2020-10-25,97077,1720,88610,493,6,472,623.8571428571429,7.285714285714286,527.0
2020-10-26,97487,1728,89031,410,8,421,651.2857142857143,7.142857142857143,514.5714285714286
2020-10-27,98133,1733,89465,646,5,434,655.4285714285714,6.571428571428571,512.0
2020-10-28,98864,1738,90118,731,5,653,677.0,8.0,435.14285714285717
2020-10-29,99672,1748,90624,808,10,506,694.1428571428571,8.0,722.7142857142857
2020-10-30,100446,1756,91184,774,8,560,705.1428571428571,8.571428571428571,723.0
2020-10-31,101323,1770,89765,877,14,0,736.4285714285714,8.857142857142858,726.7142857142857
2020-11-01,101936,1776,92250,613,6,2485,721.1428571428571,8.714285714285714,695.0
2020-11-02,102423,1788,92673,487,12,423,755.4285714285714,8.571428571428571,738.7142857142857
2020-11-03,103288,1795,93133,865,7,460,808.1428571428571,8.0,749.2857142857143
2020-11-04,103912,1799,93564,624,4,431,873.2857142857143,6.714285714285714,848.2857142857143
2020-11-05,104960,1808,94376,1048,9,812,921.4285714285714,6.857142857142857,597.1428571428571
2020-11-06,106103,1812,95010,1143,4,634,963.2857142857143,6.857142857142857,573.0
2020-11-07,107436,1817,95703,1333,5,693,1023.0,8.0,764.8571428571429
2020-11-08,108386,1824,96430,950,7,727,1154.4285714285713,9.142857142857142,703.2857142857143
2020-11-09,109166,1836,96684,780,12,254,1241.7142857142858,9.285714285714286,726.8571428571429
2020-11-10,110449,1851,98487,1283,15,1803,1321.857142857143,10.428571428571429,767.0
2020-11-11,111993,1863,98305,1544,12,0,1379.2857142857142,10.142857142857142,805.8571428571429
2020-11-12,113652,1873,99282,1659,10,977,1449.142857142857,10.142857142857142,702.0
2020-11-13,115356,1885,100197,1704,12,915,1473.4285714285713,10.0,2216.5714285714284
2020-11-14,117091,1888,101162,1735,3,965,1533.0,9.857142857142858,2097.285714285714
2020-11-15,118530,1895,91954,1439,7,0,1625.857142857143,10.142857142857142,2248.5714285714284
2020-11-16,119480,1906,102810,950,11,10856,1729.5714285714287,11.714285714285714,2285.714285714286
2020-11-17,121180,1920,103778,1700,14,968,1832.0,12.0,2361.714285714286
2020-11-18,123374,1934,104837,2194,14,1059,1954.4285714285713,13.285714285714286,2432.4285714285716
2020-11-19,125759,1955,106074,2385,21,1237,2057.285714285714,13.285714285714286,2617.0
2020-11-20,128180,1969,107521,2421,14,1447,2138.4285714285716,12.857142857142858,1219.0
2020-11-21,130772,1981,108981,2592,12,1460,2071.1428571428573,13.571428571428571,1229.5714285714287
2020-11-22,132931,1988,110273,2159,7,1292,2035.142857142857,14.571428571428571,1390.2857142857142
2020-11-23,134449,1996,111343,1518,8,1070,2051.5714285714284,15.714285714285714,1449.7142857142858
2020-11-24,135678,2015,112385,1229,19,1042,2067.285714285714,18.142857142857142,1455.4285714285713
2020-11-25,137620,2036,114569,1942,21,2184,2079.1428571428573,18.428571428571427,1588.857142857143
2020-11-26,140120,2065,116222,2500,29,1653,2065.285714285714,19.714285714285715,1637.4285714285713
2020-11-27,142651,2096,117709,2531,31,1487,2053.5714285714284,22.285714285714285,2278.0
2020-11-28,145326,2110,120103,2675,14,2394,2168.4285714285716,25.428571428571427,2129.1428571428573
2020-11-29,147388,2126,121735,2062,16,1632,2238.4285714285716,27.0,2080.5714285714284
2020-11-30,148824,2152,127289,1436,26,5554,2240.8571428571427,28.0,2121.1428571428573
2020-12-01,150857,2193,125304,2033,41,0,2229.5714285714284,30.0,2185.1428571428573
2020-12-02,153289,2225,127148,2432,32,1844,2205.714285714286,31.142857142857142,2167.0
2020-12-03,155806,2261,129085,2517,36,1937,2202.285714285714,33.285714285714285,2195.8571428571427
2020-12-04,158258,2306,131020,2452,45,1935,2215.8571428571427,35.142857142857146,1634.7142857142858
2020-12-05,160766,2328,133287,2508,22,2267,2236.285714285714,36.0,1933.4285714285713
2020-12-06,162804,2359,135121,2038,31,1834,2290.285714285714,37.42857142857143,1902.5714285714287
2020-12-07,164335,2398,136747,1531,39,1626,2354.8571428571427,36.0,1966.4285714285713
2020-12-08,166511,2445,138838,2176,47,2091,2403.8571428571427,35.42857142857143,1976.857142857143
2020-12-09,169321,2487,140466,2810,42,1628,2479.4285714285716,36.285714285714285,2011.5714285714287
2020-12-10,172290,2513,142850,2969,26,2384,2528.714285714286,34.714285714285715,2001.2857142857142
2020-12-11,175085,2554,144858,2795,41,2008,2550.1428571428573,35.857142857142854,2006.2857142857142
2020-12-12,178122,2582,147368,3037,28,2510,2585.8571428571427,36.714285714285715,2075.0
2020-12-13,180505,2602,149130,2383,20,1762,2612.4285714285716,38.285714285714285,2132.1428571428573
2020-12-14,182186,2649,150791,1681,47,1661,2646.714285714286,40.0,2183.0
2020-12-15,184612,2702,153363,2426,53,2572,2652.714285714286,41.0,2253.1428571428573
2020-12-16,187608,2755,155391,2996,53,2028,2645.8571428571427,42.714285714285715,2254.8571428571427
2020-12-17,190817,2793,158131,3209,38,2740,2661.285714285714,45.0,2292.4285714285716
2020-12-18,193654,2841,160630,2837,48,2499,2679.8571428571427,45.142857142857146,2366.5714285714284
2020-12-19,196643,2881,163152,2989,40,2522,2718.1428571428573,44.42857142857143,2260.4285714285716
2020-12-20,199134,2917,165177,2491,36,2025,2758.1428571428573,44.857142857142854,2366.8571428571427
2020-12-21,200945,2965,167357,1811,48,2180,2834.8571428571427,47.142857142857146,2370.285714285714
2020-12-22,203639,3013,169186,2694,48,1829,2977.0,49.42857142857143,2429.5714285714284
2020-12-23,206915,3069,171959,3276,56,2773,3105.0,50.42857142857143,2411.4285714285716
2020-12-24,210661,3123,174723,3746,54,2764,3169.714285714286,51.0,2466.1428571428573
2020-12-25,214493,3187,177637,3832,64,2914,3253.4285714285716,51.42857142857143,2449.8571428571427
2020-12-26,218378,3234,180032,3885,47,2395,3386.714285714286,53.0,2514.8571428571427
2020-12-27,221322,3274,182440,2944,40,2408,3471.714285714286,53.42857142857143,2478.714285714286
2020-12-28,223719,3325,184506,2397,51,2066,3584.0,52.714285714285715,2367.4285714285716
2020-12-29,227346,3384,186790,3627,59,2284,3501.714285714286,50.57142857142857,2274.4285714285716
2020-12-30,231217,3443,189310,3871,59,2520,3385.4285714285716,48.285714285714285,2318.8571428571427
2020-12-31,235749,3492,191295,4532,49,1985,3417.1428571428573,51.142857142857146,2270.0
2021-01-01,239005,3541,193558,3256,49,2263,3552.285714285714,50.714285714285715,2287.714285714286
2021-01-02,242076,3572,196264,3071,31,2706,3741.1428571428573,53.142857142857146,2353.5714285714284
2021-01-03,245242,3632,198330,3166,60,2066,4052.285714285714,54.0,2510.4285714285716
2021-01-04,248585,3680,200520,3343,48,2190,4496.571428571428,56.142857142857146,2714.285714285714
2021-01-05,253534,3756,203265,4949,76,2745,5168.142857142857,60.285714285714285,2860.4285714285716
2021-01-06,259583,3821,206883,6049,65,3618,5851.428571428572,64.28571428571429,2992.714285714286
2021-01-07,267225,3885,210295,7642,64,3412,6271.714285714285,62.142857142857146,3150.0
2021-01-08,275182,3963,213581,7957,78,3286,6495.0,62.142857142857146,3183.8571428571427
2021-01-09,283036,4022,217213,7854,59,3632,6444.714285714285,60.42857142857143,3139.285714285714
2021-01-10,289144,4067,220380,6108,45,3167,6425.857142857143,65.0,3147.714285714286
2021-01-11,294050,4115,222807,4906,48,2427,6285.0,65.28571428571429,3316.285714285714
2021-01-12,298647,4179,225240,4597,64,2433,6173.0,65.28571428571429,3532.8571428571427
2021-01-13,304564,4276,228917,5917,97,3677,6057.0,64.85714285714286,3800.5714285714284
2021-01-14,311220,4342,233509,6656,66,4592,6007.285714285715,65.42857142857143,3993.1428571428573
2021-01-15,318393,4420,238311,7173,78,4802,6011.714285714285,66.85714285714286,4260.571428571428
2021-01-16,325435,4476,243817,7042,56,5506,6117.142857142857,72.57142857142857,4617.571428571428
2021-01-17,331195,4525,248332,5760,49,4515,6066.428571428572,71.85714285714286,5130.571428571428
2021-01-18,336132,4583,252631,4937,58,4299,5924.714285714285,75.85714285714286,5646.0
2021-01-19,341467,4687,257563,5335,104,4932,5622.428571428572,80.14285714285714,5821.0
2021-01-20,347029,4779,264831,5562,92,7268,5291.571428571428,84.0,5935.571428571428
2021-01-21,352693,4873,273031,5664,94,8200,5038.714285714285,85.0,6007.714285714285
2021-01-22,357750,4981,279058,5057,108,6027,4728.142857142857,87.28571428571429,5393.571428571428
2021-01-23,362476,5064,285366,4726,83,6308,4516.428571428572,87.28571428571429,6260.142857142857
2021-01-24,366466,5120,290386,3990,56,5020,4289.571428571428,87.0,6168.142857142857
2021-01-25,369229,5194,290386,2763,74,0,4070.5714285714284,89.71428571428571,5892.428571428572
2021-01-26,373082,5298,301384,3853,104,10998,3853.5714285714284,88.0,5862.0
2021-01-27,377056,5388,308008,3974,90,6624,3655.8571428571427,89.14285714285714,5724.285714285715
2021-01-28,381187,5501,314278,4131,113,6270,3467.714285714286,90.42857142857143,5007.142857142857
2021-01-29,384725,5597,320092,3538,96,5814,3329.1428571428573,91.28571428571429,6226.142857142857
2021-01-30,388067,5688,325436,3342,91,5344,3110.714285714286,93.42857142857143,5405.285714285715
2021-01-31,390740,5753,325436,2673,65,0,2919.285714285714,97.71428571428571,5139.0
2021-02-01,392533,5833,333969,1793,80,8533,2697.4285714285716,96.42857142857143,4985.428571428572
2021-02-02,394857,5952,339221,2324,119,5252,2530.5714285714284,97.85714285714286,4889.285714285715
2021-02-03,397491,6072,343981,2634,120,4760,2378.4285714285716,98.28571428571429,4754.285714285715
2021-02-04,400069,6176,349176,2578,104,5195,2229.4285714285716,96.42857142857143,5234.142857142857
2021-02-05,402439,6282,354317,2370,106,5141,2147.1428571428573,96.85714285714286,4444.714285714285
2021-02-06,404716,6376,358716,2277,94,4399,2039.142857142857,93.28571428571429,4205.142857142857
2021-02-07,406346,6428,362075,1630,52,3359,1932.2857142857142,93.42857142857143,4056.8571428571427
2021-02-08,407563,6511,365082,1217,83,3007,1805.4285714285713,89.71428571428571,3731.714285714286
2021-02-09,409131,6605,368657,1568,94,3575,1652.5714285714287,83.57142857142857,3364.4285714285716
2021-02-10,411017,6726,372379,1886,121,3722,1521.5714285714287,79.42857142857143,3099.5714285714284
2021-02-11,412707,6804,375298,1690,78,2919,1483.2857142857142,77.42857142857143,2950.714285714286
2021-02-12,414007,6867,377868,1300,63,2570,1447.2857142857142,76.0,2837.0
2021-02-13,415367,6932,380413,1360,65,2545,1410.142857142857,77.0,2703.8571428571427
2021-02-14,416729,6970,382730,1362,38,2317,1347.5714285714287,71.0,2667.5714285714284
2021-02-15,417694,7043,384941,965,73,2211,1325.5714285714287,70.71428571428571,2577.1428571428573
2021-02-16,419002,7144,387584,1308,101,2643,1325.7142857142858,71.14285714285714,2495.4285714285716
2021-02-17,420450,7223,391052,1448,79,3468,1307.5714285714287,73.0,2389.1428571428573
2021-02-18,421986,7299,393338,1536,76,2286,1260.4285714285713,74.71428571428571,2290.714285714286
2021-02-19,423287,7365,395336,1301,66,1998,1228.2857142857142,72.28571428571429,2164.714285714286
2021-02-20,424520,7443,397137,1233,78,1801,1195.857142857143,65.57142857142857,2009.857142857143
2021-02-21,425552,7493,398765,1032,50,1628,1120.5714285714287,64.14285714285714,1739.0
2021-02-22,426292,7549,400094,740,56,1329,1054.857142857143,63.857142857142854,1680.4285714285713
2021-02-23,427373,7603,401653,1081,54,1559,1019.5714285714286,65.85714285714286,1584.5714285714287
2021-02-24,428294,7672,403225,921,69,1572,1016.7142857142857,60.57142857142857,1532.4285714285713
2021-02-25,429370,7746,405101,1076,74,1876,1012.0,57.714285714285715,1485.4285714285713
2021-02-26,430424,7826,406428,1054,80,1327,1006.0,57.0,1479.142857142857
2021-02-27,431637,7867,407864,1213,41,1436,978.4285714285714,58.57142857142857,1472.2857142857142
2021-02-28,432636,7897,409163,999,30,1299,1024.4285714285713,57.714285714285715,1421.857142857143
2021-03-01,433334,7948,410448,698,51,1285,1037.7142857142858,56.714285714285715,1153.857142857143
2021-03-02,434222,8013,411959,888,65,1511,1051.142857142857,53.142857142857146,1348.5714285714287
2021-03-03,435465,8076,413178,1243,63,1219,1026.857142857143,53.0,1324.5714285714287
2021-03-04,436634,8143,413178,1169,67,0,1037.142857142857,52.142857142857146,1277.4285714285713
2021-03-05,437782,8198,415868,1148,55,2690,1023.1428571428571,51.285714285714285,1093.857142857143
2021-03-06,438825,8238,417136,1043,40,1268,1057.2857142857142,50.285714285714285,1163.5714285714287
2021-03-07,439896,8262,418105,1071,24,969,1067.2857142857142,49.0,1155.2857142857142
2021-03-08,440496,8307,418105,600,45,0,1088.4285714285713,45.857142857142854,1315.4285714285713
2021-03-09,441623,8365,420104,1127,58,1999,1106.0,46.285714285714285,1085.0
2021-03-10,442936,8419,421265,1313,54,1161,1145.4285714285713,47.857142857142854,1056.142857142857
2021-03-11,444253,8464,422386,1317,45,1121,1133.4285714285713,47.57142857142857,1057.4285714285713
2021-03-12,445524,8522,423463,1271,58,1077,1147.0,46.57142857142857,1057.4285714285713
2021-03-13,446843,8573,424529,1319,51,1066,1147.857142857143,46.42857142857143,1046.0
2021-03-14,447830,8595,425507,987,22,978,1179.2857142857142,44.857142857142854,1051.7142857142858
2021-03-15,448525,8633,425507,695,38,0,1205.0,43.0,1050.857142857143
2021-03-16,449658,8690,427426,1133,57,1919,1232.4285714285713,39.42857142857143,1044.0
2021-03-17,451191,8733,428627,1533,43,1201,1260.5714285714287,34.857142857142854,1063.2857142857142
2021-03-18,452688,8765,429742,1497,32,1115,1279.2857142857142,34.57142857142857,923.5714285714286
2021-03-19,454151,8798,430771,1463,33,1029,1296.5714285714287,33.857142857142854,1230.142857142857
2021-03-20,455667,8817,431972,1516,19,1201,1349.0,33.285714285714285,1111.2857142857142
2021-03-21,456785,8837,431972,1118,20,0,1403.857142857143,30.142857142857142,1097.142857142857
2021-03-22,457601,8870,434118,816,33,2146,1463.5714285714287,29.428571428571427,1114.857142857143
2021-03-23,459101,8923,435205,1500,53,1087,1543.857142857143,29.428571428571427,1136.0
2021-03-24,461018,8944,436307,1917,21,1102,1623.142857142857,31.285714285714285,964.4285714285714
2021-03-25,462933,8971,437546,1915,27,1239,1718.0,32.57142857142857,964.4285714285714
2021-03-26,464958,9004,438723,2025,33,1177,1793.5714285714287,32.0,1156.4285714285713
2021-03-27,467029,9036,438723,2071,32,0,1877.4285714285713,29.142857142857142,1182.7142857142858
2021-03-28,468811,9065,438723,1782,29,0,2009.7142857142858,33.142857142857146,1223.0
2021-03-29,470156,9094,442213,1345,29,3490,2108.285714285714,31.857142857142858,1244.857142857143
2021-03-30,472243,9127,443484,2087,33,1271,2212.4285714285716,30.285714285714285,1262.2857142857142
2021-03-31,475086,9176,444868,2843,49,1384,2312.5714285714284,26.857142857142858,1458.857142857143
2021-04-01,477691,9194,446260,2605,18,1392,2410.4285714285716,24.428571428571427,1677.857142857143
2021-04-02,480445,9216,447559,2754,22,1299,2442.714285714286,23.0,1398.0
2021-04-03,483217,9224,448935,2772,8,1376,2525.4285714285716,22.285714285714285,1487.857142857143
2021-04-04,485684,9236,450468,2467,12,1533,2611.8571428571427,19.571428571428573,1479.7142857142858
2021-04-05,487255,9255,451999,1571,19,1531,2739.1428571428573,20.571428571428573,1519.142857142857
2021-04-06,489921,9283,453899,2666,28,1900,2844.0,21.285714285714285,1589.2857142857142
2021-04-07,493369,9313,455226,3448,30,1327,2985.8571428571427,24.0,1392.7142857142858
2021-04-08,496865,9338,456894,3496,25,1668,3038.5714285714284,24.714285714285715,1871.5714285714287
2021-04-09,500353,9365,458684,3488,27,1790,3114.714285714286,25.428571428571427,1965.857142857143
2021-04-10,504118,9392,458684,3765,27,0,3227.0,27.714285714285715,2102.1428571428573
2021-04-11,506954,9409,463569,2836,17,4885,3349.714285714286,28.285714285714285,2232.1428571428573
2021-04-12,509058,9433,465760,2104,24,2191,3503.0,29.714285714285715,2360.0
2021-04-13,512510,9477,468614,3452,44,2854,3651.0,32.42857142857143,2416.285714285714
2021-04-14,516817,9511,470851,4307,34,2237,3797.8571428571427,34.42857142857143,2791.1428571428573
2021-04-15,521386,9546,473414,4569,35,2563,3976.1428571428573,34.285714285714285,2438.285714285714
2021-04-16,525910,9592,475598,4524,46,2184,4090.285714285714,35.142857142857146,2448.0
2021-04-17,530703,9633,478222,4793,41,2624,4218.571428571428,35.285714285714285,2472.285714285714
2021-04-18,534787,9649,480637,4084,16,2415,4358.428571428572,37.57142857142857,2562.4285714285716
2021-04-19,537690,9679,482896,2903,30,2259,4490.285714285715,38.57142857142857,2584.4285714285716
2021-04-20,542040,9724,485920,4350,45,3024,4573.142857142857,40.0,2732.5714285714284
2021-04-21,547326,9774,488788,5286,50,2868,4687.714285714285,41.857142857142854,2837.714285714286
2021-04-22,552818,9816,491505,5492,42,2717,4761.285714285715,46.857142857142854,2973.714285714286
2021-04-23,557922,9872,494726,5104,56,3221,4820.0,47.57142857142857,3098.0
2021-04-24,563517,9926,498086,5595,54,3360,4907.285714285715,50.142857142857146,3187.4285714285716
2021-04-25,568116,9977,501453,4599,51,3367,4978.285714285715,50.285714285714285,2782.0
2021-04-26,571430,10012,504582,3314,35,3129,5038.428571428572,55.42857142857143,3414.1428571428573
2021-04-27,576391,10075,508232,4961,63,3650,4978.428571428572,53.0,3452.1428571428573
2021-04-28,582174,10126,508262,5783,51,30,5033.857142857143,57.142857142857146,3569.285714285714
2021-04-29,588087,10204,515404,5913,78,7142,5218.285714285715,58.57142857142857,3660.5714285714284
2021-04-30,592771,10243,518891,4684,39,3487,5382.571428571428,60.57142857142857,3761.5714285714284
2021-05-01,598754,10326,523071,5983,83,4180,5272.428571428572,58.714285714285715,3778.285714285714
2021-05-02,604644,10387,527077,5890,61,4006,5026.285714285715,60.0,4361.142857142857
2021-05-03,609108,10436,530913,4464,49,3836,4805.857142857143,58.142857142857146,3858.4285714285716
2021-05-04,613298,10486,534680,4190,50,3767,5001.0,73.71428571428571,3856.4285714285716
2021-05-05,617358,10546,538790,4060,60,4110,5180.285714285715,74.14285714285714,4009.4285714285716
2021-05-06,621728,10611,542413,4370,65,3623,5265.142857142857,74.71428571428571,4024.0
2021-05-07,627778,10759,545886,6050,148,3473,5333.142857142857,77.85714285714286,4069.1428571428573
2021-05-08,635016,10845,551137,7238,86,5251,5625.285714285715,86.85714285714286,4184.571428571428
2021-05-09,641500,10910,555245,6484,65,4108,6052.571428571428,93.42857142857143,4230.285714285715
2021-05-10,646440,10981,559397,4940,71,4152,6410.285714285715,98.57142857142857,4477.714285714285
2021-05-11,652675,11094,563972,6235,113,4575,6440.571428571428,89.0,4772.0
2021-05-12,659726,11200,568402,7051,106,4430,6323.285714285715,90.14285714285714,4782.428571428572
2021-05-13,666600,11301,573757,6874,101,5355,6147.857142857143,87.57142857142857,4949.0
2021-05-14,672862,11382,579290,6262,81,5533,5967.428571428572,94.85714285714286,5089.142857142857
2021-05-15,679279,11476,584614,6417,94,5324,5823.0,109.57142857142857,5461.142857142857
2021-05-16,684535,11523,589888,5256,47,5274,5643.0,108.28571428571429,5789.714285714285
2021-05-17,688212,11645,595021,3677,122,5133,5477.0,108.85714285714286,5915.857142857143
2021-05-18,693436,11861,602200,5224,216,7179,5331.714285714285,113.28571428571429,6023.142857142857
2021-05-19,699227,11958,608930,5791,97,6730,5134.285714285715,111.71428571428571,6250.285714285715
2021-05-20,704939,12063,615168,5712,105,6238,4960.428571428572,113.85714285714286,6294.142857142857
2021-05-21,710184,12175,621452,5245,112,6284,4822.428571428572,108.57142857142857,6387.142857142857
2021-05-22,715219,12258,628366,5035,83,6914,4632.142857142857,92.57142857142857,6114.428571428572
2021-05-23,719258,12320,633947,4039,62,5581,4452.428571428572,95.28571428571429,5860.714285714285
2021-05-24,721969,12405,639731,2711,85,5784,4226.714285714285,97.28571428571429,5699.714285714285
2021-05-25,725861,12509,645001,3892,104,5270,4006.4285714285716,94.85714285714286,5446.285714285715
2021-05-26,730394,12625,649955,4533,116,4954,3800.4285714285716,96.0,5488.571428571428
2021-05-27,734526,12744,655066,4132,119,5111,3634.0,94.14285714285714,5381.285714285715
2021-05-28,738229,12839,659576,3703,95,4510,3502.5714285714284,93.42857142857143,5141.428571428572
2021-05-29,741822,12930,666786,3593,91,7210,3323.5714285714284,93.0,5066.285714285715
2021-05-30,744696,12979,671616,2874,49,4830,3109.4285714285716,92.57142857142857,5036.285714285715
2021-05-31,746487,13059,675721,1791,80,4105,2923.5714285714284,91.42857142857143,5057.285714285715
2021-06-01,749126,13160,680465,2639,101,4744,2764.8571428571427,90.14285714285714,5039.714285714285
2021-06-02,752160,13273,685209,3034,113,4744,2630.1428571428573,86.28571428571429,4685.571428571428
2021-06-03,754991,13384,690467,2831,111,5258,2508.1428571428573,86.42857142857143,4536.142857142857
2021-06-04,757583,13470,694854,2592,86,4387,2435.1428571428573,85.71428571428571,4395.285714285715
2021-06-05,760233,13534,699585,2650,64,4731,2326.8571428571427,85.42857142857143,4227.857142857143
2021-06-06,762253,13584,703369,2020,50,3784,2213.1428571428573,83.0,4063.1428571428573
2021-06-07,763533,13659,706488,1280,75,3119,2100.4285714285716,77.28571428571429,3894.1428571428573
2021-06-08,765414,13758,710060,1881,99,3572,2006.4285714285713,74.0,3750.0
2021-06-09,767652,13854,713651,2238,96,3591,1905.142857142857,72.71428571428571,3580.4285714285716
2021-06-10,769694,13925,717726,2042,71,4075,1814.0,70.14285714285714,3457.8571428571427
2021-06-11,771628,13988,721104,1934,63,3378,1764.4285714285713,68.0,3400.285714285714
2021-06-12,773569,14043,724648,1941,55,3544,1698.142857142857,63.42857142857143,3300.0
2021-06-13,774951,14075,727574,1382,32,2926,1622.2857142857142,61.142857142857146,3304.8571428571427
2021-06-14,775884,14135,730290,933,60,2716,1552.0,57.714285714285715,3190.1428571428573
2021-06-15,777301,14202,733160,1417,67,2870,1507.142857142857,55.57142857142857,3084.0
2021-06-16,779008,14282,736785,1707,80,3625,1446.7142857142858,51.714285714285715,3089.5714285714284
2021-06-17,780558,14329,740057,1550,47,3272,1435.857142857143,50.0,2985.8571428571427
2021-06-18,782178,14377,742692,1620,48,2635,1426.5714285714287,46.42857142857143,2854.8571428571427
2021-06-19,783696,14405,746275,1518,28,3583,1429.142857142857,43.142857142857146,2730.1428571428573
2021-06-20,785002,14425,748475,1306,20,2200,1439.5714285714287,40.142857142857146,2484.714285714286
2021-06-21,785870,14460,750274,868,35,1799,1457.2857142857142,39.42857142857143,2297.1428571428573
2021-06-22,787305,14504,752271,1435,44,1997,1470.142857142857,37.0,2189.285714285714
2021-06-23,789085,14563,754178,1780,59,1907,1486.2857142857142,37.142857142857146,1973.142857142857
2021-06-24,790759,14605,756137,1674,42,1959,1482.857142857143,35.714285714285715,1897.2857142857142
2021-06-25,792469,14636,758017,1710,31,1880,1501.857142857143,36.142857142857146,1847.7142857142858
2021-06-26,794100,14665,760087,1631,29,2070,1494.0,34.142857142857146,1783.7142857142858
2021-06-27,795382,14675,761756,1282,10,1669,1499.7142857142858,31.571428571428573,1754.5714285714287
2021-06-28,796383,14713,763208,1001,38,1452,1511.142857142857,29.0,1719.2857142857142
2021-06-29,797763,14743,764757,1380,30,1549,1520.4285714285713,28.142857142857142,1690.7142857142858
2021-06-30,799583,14784,766460,1820,41,1703,1555.7142857142858,25.285714285714285,1648.7142857142858
2021-07-01,801337,14808,768172,1754,24,1712,1584.7142857142858,24.714285714285715,1652.5714285714287
2021-07-02,803112,14833,769852,1775,25,1680,1588.7142857142858,22.0,1668.2857142857142
2021-07-03,804990,14842,771628,1878,9,1776,1629.857142857143,20.857142857142858,1676.142857142857
2021-07-04,806475,14848,773324,1485,6,1696,1682.5714285714287,17.0,1696.5714285714287
2021-07-05,807504,14867,774886,1029,19,1562,1752.857142857143,16.0,1669.0
2021-07-06,809172,14889,776490,1668,22,1604,1824.4285714285713,15.285714285714286,1657.857142857143
2021-07-07,811361,14903,778336,2189,14,1846,1907.2857142857142,15.571428571428571,1663.5714285714287
2021-07-08,813607,14920,779855,2246,17,1519,1985.142857142857,15.571428571428571,1423.857142857143
2021-07-09,815883,14940,781457,2276,20,1602,2053.1428571428573,13.285714285714286,1648.4285714285713
2021-07-10,818341,14951,783273,2458,11,1816,2155.4285714285716,12.714285714285714,1640.7142857142858
2021-07-11,820371,14957,783291,2030,6,18,2298.714285714286,13.571428571428571,1630.4285714285713
2021-07-12,821876,14960,786425,1505,3,3134,2466.1428571428573,14.285714285714286,1677.142857142857
2021-07-13,824260,14978,787975,2384,18,1550,2631.4285714285716,12.857142857142858,1718.5714285714287
2021-07-14,827452,14998,789749,3192,20,1774,2835.4285714285716,13.571428571428571,1708.4285714285713
2021-07-15,830870,15020,791595,3418,22,1846,2988.4285714285716,13.285714285714286,1965.857142857143
2021-07-16,834303,15030,793487,3433,10,1892,3106.0,14.571428571428571,1783.0
2021-07-17,838189,15046,795232,3886,16,1745,3302.4285714285716,14.857142857142858,1886.5714285714287
2021-07-18,841290,15050,797052,3101,4,1820,3553.4285714285716,14.857142857142858,1968.0
2021-07-19,843618,15062,798906,2328,12,1854,3836.4285714285716,12.571428571428571,2064.4285714285716
2021-07-20,847377,15082,801181,3759,20,2275,3950.8571428571427,12.285714285714286,2110.0
2021-07-21,852326,15102,803525,4949,20,2344,3909.1428571428573,11.142857142857142,2213.714285714286
2021-07-22,857725,15108,806046,5399,6,2521,4186.0,11.142857142857142,2402.285714285714
2021-07-23,861959,15116,808257,4234,8,2211,4526.142857142857,11.142857142857142,2544.714285714286
2021-07-24,865553,15124,810728,3594,8,2471,5084.857142857143,10.0,2685.8571428571427
2021-07-25,870592,15128,813868,5039,4,3140,5753.285714285715,8.428571428571429,2888.5714285714284
2021-07-26,875301,15140,816719,4709,12,2851,6518.0,9.571428571428571,3024.285714285714
2021-07-27,882971,15152,819982,7670,12,3263,7460.428571428572,9.714285714285714,3239.1428571428573
2021-07-28,892599,15161,823745,9628,9,3763,8721.57142857143,9.857142857142858,3440.4285714285716
2021-07-29,903351,15175,827216,10752,14,3471,9465.714285714286,10.0,3603.1428571428573
2021-07-30,914182,15184,830931,10831,9,3715,10004.142857142857,9.857142857142858,3700.714285714286
2021-07-31,926604,15193,834811,12422,9,3880,10637.142857142857,9.571428571428571,3962.1428571428573
2021-08-01,936852,15198,839090,10248,5,4279,11306.285714285714,10.285714285714286,4100.857142857143
2021-08-02,945330,15209,842624,8478,11,3534,11958.42857142857,9.428571428571429,3605.0
2021-08-03,957431,15219,847717,12101,10,5093,12669.285714285714,11.0,3074.285714285714
2021-08-04,971743,15233,852451,14312,14,4734,13154.857142857143,11.714285714285714,2520.0
2021-08-05,987060,15241,0,15317,8,0,13766.0,12.285714285714286,1908.7142857142858
2021-08-06,1002867,15261,0,15807,20,0,14294.57142857143,12.428571428571429,1403.857142857143
2021-08-07,1018688,15275,0,15821,14,0,14099.142857142857,13.714285714285714,676.2857142857143
2021-08-08,1033214,15284,0,14526,9,0,14344.285714285714,14.571428571428571,0.0
2021-08-09,1045392,15296,0,12178,12,0,14875.285714285714,16.857142857142858,0.0
2021-08-10,1056125,15315,0,10733,19,0,15545.142857142857,17.571428571428573,0.0
2021-08-11,1072153,15335,0,16028,20,0,16185.42857142857,18.142857142857142,0.0
2021-08-12,1091187,15359,0,19034,24,0,16665.714285714286,18.285714285714285,0.0
2021-08-13,1111683,15384,0,20496,25,0,17069.85714285714,20.428571428571427,0.0
2021-08-14,1131986,15402,0,20303,18,0,18408.714285714286,24.428571428571427,0.0
2021-08-15,1149874,15412,0,17888,10,0,19561.285714285714,25.857142857142858,0.0
2021-08-16,1164881,15439,0,15007,27,0,20462.285714285714,26.428571428571427,0.0
2021-08-17,1184986,15486,0,20105,47,0,21247.428571428572,28.0,0.0
2021-08-18,1209082,15516,0,24096,30,0,22013.0,30.285714285714285,0.0
2021-08-19,1234423,15544,0,25341,28,0,22649.714285714286,32.285714285714285,0.0
2021-08-20,1260415,15580,0,25992,36,0,22923.571428571428,33.0,0.0
2021-08-21,1286077,15614,0,25662,34,0,23147.0,32.285714285714285,0.0
2021-08-22,1308422,15638,0,22345,24,0,23192.0,34.42857142857143,0.0
2021-08-23,1325346,15670,0,16924,32,0,23148.714285714286,37.857142857142854,0.0
2021-08-24,1347015,15712,0,21669,42,0,22909.714285714286,40.857142857142854,0.0
2021-08-25,1371426,15757,0,24411,45,0,22509.285714285714,42.0,0.0
2021-08-26,1396464,15809,0,25038,52,0,22079.571428571428,45.57142857142857,0.0
2021-08-27,1420783,15866,0,24319,57,0,21615.285714285714,47.57142857142857,0.0
2021-08-28,1443642,15908,0,22859,42,0,21051.0,50.714285714285715,0.0
2021-08-29,1462979,15957,0,19337,49,0,20424.85714285714,54.42857142857143,0.0
2021-08-30,1476653,16003,0,13674,46,0,19450.285714285714,56.285714285714285,0.0
2021-08-31,1494372,16067,0,17719,64,0,18364.85714285714,57.285714285714285,0.0
2021-09-01,1514400,16138,0,20028,71,0,17387.0,59.857142857142854,0.0
2021-09-02,1532616,16203,0,18216,65,0,16468.428571428572,57.285714285714285,0.0
2021-09-03,1549337,16267,0,16721,64,0,15689.857142857143,56.42857142857143,0.0
2021-09-04,1565351,16327,0,16014,60,0,14673.857142857143,56.142857142857146,0.0
2021-09-05,1578258,16358,0,12907,31,0,13582.42857142857,58.714285714285715,0.0
2021-09-06,1586482,16398,0,8224,40,0,12465.285714285714,62.0,0.0
2021-09-07,1597089,16460,0,10607,62,0,11342.142857142857,62.57142857142857,0.0
2021-09-08,1609477,16549,0,12388,89,0,10311.857142857143,62.0,0.0
2021-09-09,1619873,16637,0,10396,88,0,9498.42857142857,63.42857142857143,0.0
2021-09-10,1628732,16705,0,8859,68,0,8919.714285714286,64.71428571428571,0.0
2021-09-11,1637534,16761,0,8802,56,0,8301.42857142857,63.714285714285715,0.0
2021-09-12,1644747,16802,0,7213,41,0,7504.428571428572,61.57142857142857,0.0
2021-09-13,1648920,16851,0,4173,49,0,6832.285714285715,58.0,0.0
2021-09-14,1655199,16906,0,6279,55,0,6297.142857142857,57.42857142857143,0.0
2021-09-15,1662008,16980,0,6809,74,0,5711.142857142857,58.42857142857143,0.0
2021-09-16,1667699,17043,0,5691,63,0,5165.857142857143,58.42857142857143,0.0
2021-09-17,1672812,17107,0,5113,64,0,4887.0,54.714285714285715,0.0
2021-09-18,1677512,17170,0,4700,63,0,4242.857142857143,53.57142857142857,0.0
2021-09-19,1680908,17211,0,3396,41,0,3733.4285714285716,50.714285714285715,0.0
2021-09-20,1683129,17234,0,2221,23,0,3434.8571428571427,48.714285714285715,0.0
2021-09-21,1684899,17281,0,1770,47,0,3003.714285714286,46.0,0.0
2021-09-22,1688142,17335,0,3243,54,0,2713.714285714286,41.714285714285715,0.0
2021-09-23,1691743,17384,0,3601,49,0,2533.714285714286,38.857142857142854,0.0
2021-09-24,1693838,17429,0,2095,45,0,2380.4285714285716,39.57142857142857,0.0
2021-09-25,1696508,17462,0,2670,33,0,2373.5714285714284,40.0,0.0
2021-09-26,1698644,17483,0,2136,21,0,2193.5714285714284,39.142857142857146,0.0
2021-09-27,1699792,17511,0,1148,28,0,1904.142857142857,38.142857142857146,0.0
2021-09-28,1701514,17561,0,1722,50,0,1811.142857142857,36.57142857142857,0.0
2021-09-29,1703497,17609,0,1983,48,0,1607.2857142857142,36.42857142857143,0.0
2021-09-30,1705072,17651,0,1575,42,0,1440.2857142857142,35.857142857142854,0.0
2021-10-01,1706516,17685,0,1444,34,0,1361.857142857143,35.285714285714285,0.0
2021-10-02,1707759,17717,0,1243,32,0,1255.7142857142858,33.285714285714285,0.0
2021-10-03,1708726,17734,0,967,17,0,1133.142857142857,30.142857142857142,0.0
2021-10-04,1709325,17758,0,599,24,0,1047.0,29.714285714285715,0.0
2021-10-05,1710304,17794,0,979,36,0,958.8571428571429,31.428571428571427,0.0
2021-10-06,1711429,17820,0,1125,26,0,891.8571428571429,30.285714285714285,0.0
2021-10-07,1712401,17859,0,972,39,0,832.7142857142857,29.285714285714285,0.0
2021-10-08,1713228,17905,0,827,46,0,799.8571428571429,28.714285714285715,0.0
2021-10-09,1714002,17929,0,774,24,0,746.7142857142857,27.857142857142858,0.0
2021-10-10,1714555,17939,0,553,10,0,690.4285714285714,28.857142857142858,0.0
2021-10-11,1714924,17959,0,369,20,0,639.7142857142857,28.0,0.0
2021-10-12,1715531,17989,0,607,30,0,595.4285714285714,24.714285714285715,0.0
2021-10-13,1716262,18022,0,731,33,0,556.2857142857143,23.142857142857142,0.0
2021-10-14,1716879,18055,0,617,33,0,538.4285714285714,23.571428571428573,0.0
2021-10-15,1717396,18078,0,517,23,0,518.5714285714286,23.142857142857142,0.0
2021-10-16,1717896,18091,0,500,13,0,484.85714285714283,22.714285714285715,0.0
2021-10-17,1718324,18104,0,428,13,0,435.85714285714283,19.428571428571427,0.0
2021-10-18,1718554,18121,0,230,17,0,396.7142857142857,17.0,0.0
2021-10-19,1718925,18148,0,371,27,0,369.14285714285717,15.428571428571429,0.0
2021-10-20,1719313,18158,0,388,10,0,338.14285714285717,14.285714285714286,0.0
2021-10-21,1719656,18174,0,343,16,0,310.14285714285717,13.571428571428571,0.0
2021-10-22,1719980,18186,0,324,12,0,298.85714285714283,12.142857142857142,0.0
2021-10-23,1720263,18191,0,283,5,0,290.14285714285717,10.428571428571429,0.0
2021-10-24,1720495,18199,0,232,8,0,279.0,10.0,0.0
2021-10-25,1720646,18206,0,151,7,0,269.0,9.0,0.0
2021-10-26,1720956,18221,0,310,15,0,264.42857142857144,9.571428571428571,0.0
2021-10-27,1721266,18228,0,310,7,0,264.57142857142856,9.857142857142858,0.0
2021-10-28,1721539,18237,0,273,9,0,264.0,9.714285714285714,0.0
2021-10-29,1721831,18253,0,292,16,0,254.42857142857142,9.714285714285714,0.0
2021-10-30,1722115,18260,0,284,7,0,241.71428571428572,8.571428571428571,0.0
2021-10-31,1722343,18267,0,228,7,0,235.14285714285714,8.714285714285714,0.0
2021-11-01,1722427,18274,0,84,7,0,218.71428571428572,8.285714285714286,0.0
2021-11-02,1722648,18281,0,221,7,0,209.14285714285714,7.714285714285714,0.0
2021-11-03,1722912,18289,0,264,8,0,201.42857142857142,7.0,0.0
2021-11-04,1723070,18295,0,158,6,0,191.28571428571428,6.0,0.0
2021-11-05,1723295,18307,0,225,12,0,193.57142857142858,5.428571428571429,0.0
2021-11-06,1723525,18309,0,230,2,0,189.71428571428572,4.857142857142857,0.0
2021-11-07,1723682,18309,0,157,0,0,184.42857142857142,4.142857142857143,0.0
2021-11-08,1723782,18312,0,100,3,0,192.57142857142858,3.857142857142857,0.0
2021-11-09,1723976,18315,0,194,3,0,189.14285714285714,2.2857142857142856,0.0
2021-11-10,1724203,18318,0,227,3,0,184.0,2.142857142857143,0.0
2021-11-11,1724418,18322,0,215,4,0,182.28571428571428,2.4285714285714284,0.0
2021-11-12,1724619,18323,0,201,1,0,179.14285714285714,2.142857142857143,0.0
2021-11-13,1724813,18324,0,194,1,0,173.0,2.2857142857142856,0.0
2021-11-14,1724958,18326,0,145,2,0,169.71428571428572,2.5714285714285716,0.0
2021-11-15,1725036,18327,0,78,1,0,160.14285714285714,2.7142857142857144,0.0
2021-11-16,1725187,18331,0,151,4,0,153.28571428571428,2.5714285714285716,0.0
2021-11-17,1725391,18336,0,204,5,0,140.42857142857142,3.142857142857143,0.0
2021-11-18,1725539,18341,0,148,5,0,142.14285714285714,2.857142857142857,0.0
2021-11-19,1725692,18341,0,153,0,0,138.0,3.0,0.0
2021-11-20,1725796,18346,0,104,5,0,132.28571428571428,2.7142857142857144,0.0
2021-11-21,1725953,18346,0,157,0,0,114.14285714285714,2.2857142857142856,0.0
2021-11-22,1726002,18348,0,49,2,0,110.0,1.8571428571428572,0.0
2021-11-23,1726113,18350,0,111,2,0,105.42857142857143,2.142857142857143,0.0
2021-11-24,1726190,18352,0,77,2,0,108.42857142857143,1.5714285714285714,0.0
2021-11-25,1726309,18354,0,119,2,0,96.28571428571429,1.5714285714285714,0.0
2021-11-26,1726430,18356,0,121,2,0,101.0,1.4285714285714286,0.0
2021-11-27,1726555,18357,0,125,1,0,97.85714285714286,1.4285714285714286,0.0
2021-11-28,1726627,18357,0,72,0,0,103.28571428571429,1.2857142857142858,0.0
2021-11-29,1726709,18358,0,82,1,0,103.0,1.1428571428571428,0.0
2021-11-30,1726798,18360,0,89,2,0,108.28571428571429,1.0,0.0
2021-12-01,1726913,18361,0,115,1,0,107.57142857142857,0.8571428571428571,0.0
2021-12-02,1727030,18362,0,117,1,0,112.14285714285714,0.8571428571428571,0.0
2021-12-03,1727188,18363,0,158,1,0,112.0,0.8571428571428571,0.0
2021-12-04,1727308,18363,0,120,0,0,115.14285714285714,0.8571428571428571,0.0
2021-12-05,1727412,18363,0,104,0,0,118.0,1.1428571428571428,0.0
2021-12-06,1727493,18364,0,81,1,0,123.28571428571429,1.1428571428571428,0.0
2021-12-07,1727604,18366,0,111,2,0,121.57142857142857,1.1428571428571428,0.0
2021-12-08,1727739,18369,0,135,3,0,124.0,1.2857142857142858,0.0
2021-12-09,1727893,18370,0,154,1,0,128.42857142857142,1.2857142857142858,0.0
2021-12-10,1728039,18371,0,146,1,0,127.85714285714286,1.2857142857142858,0.0
2021-12-11,1728176,18372,0,137,1,0,131.85714285714286,1.1428571428571428,0.0
2021-12-12,1728311,18372,0,135,0,0,135.28571428571428,0.8571428571428571,0.0
2021-12-13,1728388,18373,0,77,1,0,138.28571428571428,1.1428571428571428,0.0
2021-12-14,1728527,18374,0,139,1,0,144.14285714285714,1.0,0.0
2021-12-15,1728686,18375,0,159,1,0,153.14285714285714,0.8571428571428571,0.0
2021-12-16,1728861,18378,0,175,3,0,158.57142857142858,0.8571428571428571,0.0
2021-12-17,1729048,18378,0,187,0,0,166.71428571428572,0.8571428571428571,0.0
2021-12-18,1729248,18378,0,200,0,0,183.85714285714286,1.0,0.0
2021-12-19,1729421,18378,0,173,0,0,197.0,1.1428571428571428,0.0
2021-12-20,1729555,18379,0,134,1,0,213.14285714285714,1.0,0.0
2021-12-21,1729814,18381,0,259,2,0,235.85714285714286,1.0,0.0
2021-12-22,1730065,18383,0,251,2,0,252.85714285714286,1.1428571428571428,0.0
2021-12-23,1730353,18385,0,288,2,0,265.7142857142857,1.1428571428571428,0.0
2021-12-24,1730699,18385,0,346,0,0,277.14285714285717,1.0,0.0
2021-12-25,1731018,18386,0,319,1,0,284.85714285714283,1.0,0.0
2021-12-26,1731281,18386,0,263,0,0,315.7142857142857,1.2857142857142858,0.0
2021-12-27,1731495,18386,0,214,0,0,351.0,1.0,0.0
2021-12-28,1731808,18388,0,313,2,0,372.57142857142856,1.0,0.0
2021-12-29,1732275,18392,0,467,4,0,402.42857142857144,0.8571428571428571,0.0
2021-12-30,1732810,18392,0,535,0,0,454.57142857142856,1.1428571428571428,0.0
2021-12-31,1733307,18392,0,497,0,0,535.5714285714286,1.2857142857142858,0.0
2022-01-01,1733835,18392,0,528,0,0,671.7142857142857,1.1428571428571428,0.0
2022-01-02,1734463,18394,0,628,2,0,960.4285714285714,0.7142857142857143,0.0
2022-01-03,1735244,18395,0,781,1,0,1518.857142857143,0.8571428571428571,0.0
2022-01-04,1736510,18396,0,1266,1,0,2339.8571428571427,1.0,0.0
2022-01-05,1738998,18397,0,2488,1,0,3494.5714285714284,1.2857142857142858,0.0
2022-01-06,1743442,18398,0,4444,1,0,4582.285714285715,1.1428571428571428,0.0
2022-01-07,1749686,18399,0,6244,1,0,5389.285714285715,1.2857142857142858,0.0
2022-01-08,1758297,18401,0,8611,2,0,6119.0,1.4285714285714286,0.0
2022-01-09,1766539,18402,0,8242,1,0,7654.285714285715,2.0,0.0
2022-01-10,1772969,18404,0,6430,2,0,9687.57142857143,2.4285714285714284,0.0
2022-01-11,1779343,18406,0,6374,2,0,11969.857142857143,3.857142857142857,0.0
2022-01-12,1792578,18411,0,13235,5,0,14415.857142857143,4.428571428571429,0.0
2022-01-13,1811255,18415,0,18677,4,0,16878.285714285714,4.285714285714286,0.0
2022-01-14,1833475,18426,0,22220,11,0,18959.428571428572,4.571428571428571,0.0
2022-01-15,1859208,18432,0,25733,6,0,22669.14285714286,5.714285714285714,0.0
2022-01-16,1884687,18432,0,25479,0,0,26703.85714285714,7.142857142857143,0.0
2022-01-17,1905685,18436,0,20998,4,0,30632.571428571428,7.857142857142857,0.0
2022-01-18,1938027,18446,0,32342,10,0,34579.0,7.571428571428571,0.0
2022-01-19,1979505,18461,0,41478,15,0,38675.857142857145,9.142857142857142,0.0
2022-01-20,2025683,18470,0,46178,9,0,42176.42857142857,11.142857142857142,0.0
2022-01-21,2075528,18479,0,49845,9,0,45582.28571428572,13.0,0.0
2022-01-22,2129939,18496,0,54411,17,0,49906.857142857145,17.714285714285715,0.0
2022-01-23,2179922,18510,0,49983,14,0,54209.57142857143,20.428571428571427,0.0
2022-01-24,2224761,18527,0,44839,17,0,58900.142857142855,25.857142857142858,0.0
2022-01-25,2287375,18570,0,62614,43,0,63463.42857142857,30.857142857142858,0.0
2022-01-26,2358972,18604,0,71597,34,0,67817.42857142857,34.42857142857143,0.0
2022-01-27,2437984,18651,0,79012,47,0,71835.0,36.714285714285715,0.0
2022-01-28,2519772,18695,0,81788,44,0,74137.85714285714,41.142857142857146,0.0
2022-01-29,2604661,18737,0,84889,42,0,76862.71428571429,45.0,0.0
2022-01-30,2682767,18767,0,78106,30,0,80189.71428571429,51.857142857142854,0.0
2022-01-31,2743726,18815,0,60959,48,0,83822.57142857143,58.0,0.0
2022-02-01,2825414,18885,0,81688,70,0,86163.85714285714,66.42857142857143,0.0
2022-02-02,2920300,18967,0,94886,82,0,88647.57142857143,77.0,0.0
2022-02-03,3024742,19057,0,104442,90,0,90344.71428571429,82.42857142857143,0.0
2022-02-04,3122919,19160,0,98177,103,0,91351.14285714286,91.71428571428571,0.0
2022-02-05,3225194,19276,0,102275,116,0,94136.28571428571,104.42857142857143,0.0
2022-02-06,3315180,19344,0,89986,68,0,94552.42857142857,115.85714285714286,0.0
2022-02-07,3383184,19457,0,68004,113,0,93878.28571428571,126.42857142857143,0.0
2022-02-08,3484368,19616,0,101184,159,0,93902.85714285714,133.14285714285714,0.0
2022-02-09,3582167,19778,0,97799,162,0,89068.28571428571,137.28571428571428,0.0
2022-02-10,3681890,19942,0,99723,164,0,87275.28571428571,147.14285714285714,0.0
2022-02-11,3780239,20092,0,98349,150,0,86147.57142857143,152.28571428571428,0.0
2022-02-12,3848672,20237,0,68433,145,0,83720.57142857143,163.28571428571428,0.0
2022-02-13,3926107,20374,0,77435,137,0,82739.28571428571,173.0,0.0
2022-02-14,3986217,20523,0,60110,149,0,82090.28571428571,188.28571428571428,0.0
2022-02-15,4070412,20759,0,84195,236,0,80568.71428571429,196.85714285714286,0.0
2022-02-16,4161342,20989,0,90930,230,0,82438.14285714286,207.28571428571428,0.0
2022-02-17,4256522,21260,0,95180,271,0,81589.42857142857,210.42857142857142,0.0
2022-02-18,4344220,21470,0,87698,210,0,80417.85714285714,213.85714285714286,0.0
2022-02-19,4425739,21688,0,81519,218,0,78335.28571428571,226.14285714285714,0.0
2022-02-20,4497233,21847,0,71494,159,0,76824.0,228.42857142857142,0.0
2022-02-21,4549142,22020,0,51909,173,0,71972.85714285714,219.14285714285714,0.0
2022-02-22,4618759,22342,0,69617,322,0,68821.71428571429,228.85714285714286,0.0
2022-02-23,4699110,22588,0,80351,246,0,67483.0,234.28571428571428,0.0
2022-02-24,4760332,22794,0,61222,206,0,66369.0,232.14285714285714,0.0
2022-02-25,4825972,23072,0,65640,278,0,66252.28571428571,235.71428571428572,0.0
2022-02-26,4898120,23328,0,72148,256,0,65645.28571428571,223.71428571428572,0.0
2022-02-27,4961816,23472,0,63696,144,0,64538.0,222.14285714285714,0.0
2022-02-28,5012908,23670,0,51092,198,0,65830.28571428571,229.57142857142858,0.0
2022-03-01,5078276,23908,0,65368,238,0,65551.28571428571,223.28571428571428,0.0
2022-03-02,5150876,24143,0,72600,235,0,64328.857142857145,213.0,0.0
2022-03-03,5221144,24401,0,70268,258,0,62948.42857142857,211.28571428571428,0.0
2022-03-04,5284831,24635,0,63687,234,0,60935.57142857143,200.14285714285714,0.0
2022-03-05,5348422,24819,0,63591,184,0,59302.71428571428,201.71428571428572,0.0
2022-03-06,5402455,24951,0,54033,132,0,58055.142857142855,198.57142857142858,0.0
2022-03-07,5439457,25071,0,37002,120,0,56740.142857142855,188.57142857142858,0.0
2022-03-08,5493395,25320,0,53938,249,0,55640.0,185.0,0.0
2022-03-09,5557262,25533,0,63867,213,0,54445.0,178.85714285714286,0.0
2022-03-10,5618325,25721,0,61063,188,0,54004.142857142855,172.85714285714286,0.0
2022-03-11,5674311,25930,0,55986,209,0,53340.857142857145,172.28571428571428,0.0
2022-03-12,5729537,26071,0,55226,141,0,52911.857142857145,163.57142857142858,0.0
2022-03-13,5780484,26161,0,50947,90,0,52061.142857142855,156.42857142857142,0.0
2022-03-14,5812843,26277,0,32359,116,0,50977.57142857143,154.0,0.0
2022-03-15,5863778,26465,0,50935,188,0,50005.57142857143,146.42857142857142,0.0
2022-03-16,5921690,26628,0,57912,163,0,48486.57142857143,141.14285714285714,0.0
2022-03-17,5975168,26799,0,53478,171,0,46859.857142857145,137.71428571428572,0.0
2022-03-18,6024350,26955,0,49182,156,0,46175.142857142855,129.42857142857142,0.0
2022-03-19,6068943,27059,0,44593,104,0,41777.57142857143,112.71428571428571,0.0
2022-03-20,6108503,27125,0,39560,66,0,39413.28571428572,106.85714285714286,0.0
2022-03-21,6136069,27183,0,27566,58,0,38880.857142857145,100.42857142857143,0.0
2022-03-22,6156221,27254,0,20152,71,0,38631.57142857143,94.57142857142857,0.0
2022-03-23,6197583,27376,0,41362,122,0,39022.42857142857,94.14285714285714,0.0
2022-03-24,6247334,27502,0,49751,126,0,39563.57142857143,93.42857142857143,0.0
2022-03-25,6294771,27617,0,47437,115,0,39871.28571428572,94.42857142857143,0.0
2022-03-26,6342100,27718,0,47329,101,0,43362.857142857145,96.0,0.0
2022-03-27,6385448,27779,0,43348,61,0,45112.42857142857,92.28571428571429,0.0
2022-03-28,6415168,27844,0,29720,65,0,45383.57142857143,88.85714285714286,0.0
2022-03-29,6459761,27926,0,44593,82,0,45643.857142857145,83.57142857142857,0.0
2022-03-30,6513370,28022,0,53609,96,0,45855.28571428572,77.0,0.0
2022-03-31,6565019,28124,0,51649,102,0,46407.857142857145,73.14285714285714,0.0
2022-04-01,6614278,28202,0,49259,78,0,46484.28571428572,70.28571428571429,0.0
2022-04-02,6663087,28257,0,48809,55,0,46656.42857142857,67.71428571428571,0.0
2022-04-03,6710303,28291,0,47216,34,0,46821.0,63.42857142857143,0.0
2022-04-04,6740558,28336,0,30255,45,0,47282.42857142857,58.714285714285715,0.0
2022-04-05,6786356,28400,0,45798,64,0,47693.142857142855,57.42857142857143,0.0
2022-04-06,6841117,28466,0,54761,66,0,48238.857142857145,56.57142857142857,0.0
2022-04-07,6895996,28535,0,54879,69,0,48500.57142857143,57.285714285714285,0.0
2022-04-08,6948130,28604,0,52134,69,0,48906.42857142857,55.714285714285715,0.0
2022-04-09,7000759,28653,0,52629,49,0,49517.0,53.285714285714285,0.0
2022-04-10,7049807,28692,0,49048,39,0,49932.0,53.42857142857143,0.0
2022-04-11,7082903,28726,0,33096,34,0,49978.0,51.0,0.0
2022-04-12,7132975,28773,0,50072,47,0,49629.857142857145,50.0,0.0
2022-04-13,7190641,28840,0,57666,67,0,48900.57142857143,49.857142857142854,0.0
2022-04-14,7245842,28892,0,55201,52,0,47494.42857142857,48.142857142857146,0.0
2022-04-15,7295539,28954,0,49697,62,0,46277.857142857145,47.142857142857146,0.0
2022-04-16,7343063,29002,0,47524,48,0,44957.0,47.857142857142854,0.0
2022-04-17,7382268,29029,0,39205,27,0,43559.142857142855,45.285714285714285,0.0
2022-04-18,7406848,29056,0,24580,27,0,42403.42857142857,45.285714285714285,0.0
2022-04-19,7447674,29108,0,40826,52,0,41432.142857142855,43.714285714285715,0.0
2022-04-20,7495555,29157,0,47881,49,0,40913.28571428572,41.714285714285715,0.0
2022-04-21,7542666,29209,0,47111,52,0,40837.57142857143,40.0,0.0
2022-04-22,7585564,29260,0,42898,51,0,40875.0,41.714285714285715,0.0
2022-04-23,7629456,29294,0,43892,34,0,40835.57142857143,43.57142857142857,0.0
2022-04-24,7668131,29309,0,38675,15,0,40603.142857142855,45.142857142857146,0.0
2022-04-25,7692973,29348,0,24842,39,0,39826.0,43.285714285714285,0.0
2022-04-26,7733523,29413,0,40550,65,0,38936.142857142855,42.42857142857143,0.0
2022-04-27,7779777,29473,0,46254,60,0,36241.857142857145,39.57142857142857,0.0
2022-04-28,7821448,29512,0,41671,39,0,34578.28571428572,42.285714285714285,0.0
2022-04-29,7858117,29557,0,36669,45,0,33780.57142857143,41.0,0.0
2022-04-30,7883149,29571,0,25032,14,0,32346.714285714286,39.57142857142857,0.0
2022-05-01,7910179,29605,0,27030,34,0,29519.285714285714,33.857142857142854,0.0
2022-05-02,7929437,29635,0,19258,30,0,26525.14285714286,30.857142857142858,0.0
2022-05-03,7959950,29690,0,30513,55,0,24380.285714285714,29.714285714285715,0.0
2022-05-04,7986412,29710,0,26462,20,0,26408.285714285714,31.571428571428573,0.0
2022-05-05,8007124,29728,0,20712,18,0,28604.85714285714,30.428571428571427,0.0
2022-05-06,8028779,29765,0,21655,37,0,29904.14285714286,30.857142857142858,0.0
2022-05-07,8068007,29792,0,39228,27,0,31543.714285714286,30.285714285714285,0.0
2022-05-08,8110413,29818,0,42406,26,0,34391.71428571428,33.285714285714285,0.0
2022-05-09,8138766,29851,0,28353,33,0,37382.57142857143,35.285714285714285,0.0
2022-05-10,8180756,29902,0,41990,51,0,39941.857142857145,35.0,0.0
2022-05-11,8227154,29943,0,46398,41,0,39956.42857142857,35.42857142857143,0.0
2022-05-12,8268802,29975,0,41648,32,0,38928.57142857143,35.285714285714285,0.0
2022-05-13,8308372,30010,0,39570,35,0,37990.42857142857,34.285714285714285,0.0
2022-05-14,8347702,30040,0,39330,30,0,37248.28571428572,32.57142857142857,0.0
2022-05-15,8382913,30065,0,35211,25,0,36629.71428571428,33.857142857142854,0.0
2022-05-16,8404699,30091,0,21786,26,0,36332.857142857145,34.42857142857143,0.0
2022-05-17,8441494,30130,0,36795,39,0,36014.71428571428,35.714285714285715,0.0
2022-05-18,8483562,30180,0,42068,50,0,35517.28571428572,35.857142857142854,0.0
2022-05-19,8523132,30216,0,39570,36,0,35035.857142857145,34.857142857142854,0.0
2022-05-20,8560475,30260,0,37343,44,0,34567.42857142857,35.57142857142857,0.0
2022-05-21,8596323,30291,0,35848,31,0,33952.71428571428,36.0,0.0
2022-05-22,8628164,30309,0,31841,18,0,32957.28571428572,35.0,0.0
2022-05-23,8646671,30340,0,18507,31,0,31720.428571428572,35.857142857142854,0.0
2022-05-24,8679163,30382,0,32492,42,0,30341.714285714286,35.0,0.0
2022-05-25,8714263,30425,0,35100,43,0,28885.714285714286,35.714285714285715,0.0
2022-05-26,8745175,30467,0,30912,42,0,27308.428571428572,35.857142857142854,0.0
2022-05-27,8772867,30505,0,27692,38,0,26425.714285714286,34.857142857142854,0.0
2022-05-28,8798523,30541,0,25656,36,0,24898.85714285714,34.42857142857143,0.0
2022-05-29,8819323,30560,0,20800,19,0,23121.428571428572,33.42857142857143,0.0
2022-05-30,8831651,30584,0,12328,24,0,21607.85714285714,30.714285714285715,0.0
2022-05-31,8853455,30623,0,21804,39,0,20402.85714285714,29.857142857142858,0.0
2022-06-01,8876113,30659,0,22658,36,0,19346.0,28.0,0.0
2022-06-02,8896430,30682,0,20317,23,0,18530.85714285714,27.571428571428573,0.0
2022-06-03,8915687,30714,0,19257,32,0,18069.85714285714,27.571428571428573,0.0
2022-06-04,8933945,30737,0,18258,23,0,17386.571428571428,25.714285714285715,0.0
2022-06-05,8949039,30753,0,15094,16,0,16779.285714285714,23.571428571428573,0.0
2022-06-06,8958140,30777,0,9101,24,0,16275.142857142857,23.571428571428573,0.0
2022-06-07,8975161,30803,0,17021,26,0,15750.42857142857,22.0,0.0
2022-06-08,8993568,30824,0,18407,21,0,15333.285714285714,20.857142857142858,0.0
2022-06-09,9010356,30847,0,16788,23,0,15097.142857142857,19.857142857142858,0.0
2022-06-10,9025940,30868,0,15584,21,0,14931.57142857143,19.428571428571427,0.0
2022-06-11,9041278,30883,0,15338,15,0,14687.714285714286,19.857142857142858,0.0
2022-06-12,9054719,30892,0,13441,9,0,14421.57142857143,20.142857142857142,0.0
2022-06-13,9062661,30913,0,7942,21,0,14243.857142857143,19.714285714285715,0.0
2022-06-14,9077975,30942,0,15314,29,0,14117.142857142857,19.285714285714285,0.0
2022-06-15,9094519,30965,0,16544,23,0,14045.57142857143,20.0,0.0
2022-06-16,9110063,30985,0,15544,20,0,14002.714285714286,20.142857142857142,0.0
2022-06-17,9124760,31003,0,14697,18,0,13981.714285714286,19.0,0.0
2022-06-18,9139597,31023,0,14837,20,0,13993.142857142857,17.285714285714285,0.0
2022-06-19,9152738,31033,0,13141,10,0,14098.0,16.142857142857142,0.0
2022-06-20,9160533,31046,0,7795,13,0,14257.0,15.428571428571429,0.0
2022-06-21,9175927,31063,0,15394,17,0,14440.0,15.0,0.0
2022-06-22,9193205,31078,0,17278,15,0,14688.0,13.428571428571429,0.0
2022-06-23,9209862,31093,0,16657,15,0,14846.0,13.714285714285714,0.0
2022-06-24,9225840,31108,0,15978,15,0,15097.285714285714,13.714285714285714,0.0
2022-06-25,9242413,31117,0,16573,9,0,15666.42857142857,26.714285714285715,0.0
2022-06-26,9256660,31129,0,14247,12,0,16530.14285714286,27.0,0.0
2022-06-27,9266214,31142,0,9554,13,0,17491.428571428572,26.857142857142858,0.0
2022-06-28,9285592,31250,0,19378,108,0,18512.428571428572,27.714285714285715,0.0
2022-06-29,9308916,31267,0,23324,17,0,19702.0,28.0,0.0
2022-06-30,9332302,31281,0,23386,14,0,20993.285714285714,27.0,0.0
2022-07-01,9355427,31302,0,23125,21,0,22026.285714285714,27.142857142857142,0.0
2022-07-02,9380327,31313,0,24900,11,0,24434.14285714286,14.571428571428571,0.0
2022-07-03,9403613,31318,0,23286,5,0,27644.14285714286,13.857142857142858,0.0
2022-07-04,9420398,31332,0,16785,14,0,31155.714285714286,14.0,0.0
2022-07-05,9456631,31352,0,36233,20,0,34990.42857142857,15.142857142857142,0.0
2022-07-06,9502425,31364,0,45794,12,0,39288.142857142855,15.285714285714286,0.0
2022-07-07,9550392,31379,0,47967,15,0,43688.0,16.285714285714285,0.0
2022-07-08,9600360,31408,0,49968,29,0,46598.0,16.428571428571427,0.0
2022-07-09,9655344,31420,0,54984,12,0,52278.142857142855,16.857142857142858,0.0
2022-07-10,9709429,31432,0,54085,12,0,59233.28571428572,19.571428571428573,0.0
2022-07-11,9746584,31447,0,37155,15,0,66349.0,22.142857142857142,0.0
2022-07-12,9822578,31470,0,75994,23,0,73969.57142857143,22.428571428571427,0.0
2022-07-13,9917058,31501,0,94480,31,0,81921.42857142857,23.571428571428573,0.0
2022-07-14,10014835,31534,0,97777,33,0,89276.71428571429,24.285714285714285,0.0
2022-07-15,10118147,31565,0,103312,31,0,94847.42857142857,24.857142857142858,0.0
2022-07-16,10228794,31585,0,110647,20,0,93518.57142857143,25.571428571428573,0.0
2022-07-17,10334366,31602,0,105572,17,0,101810.14285714286,28.714285714285715,0.0
2022-07-18,10410516,31621,0,76150,19,0,114446.85714285714,30.857142857142858,0.0
2022-07-19,10477208,31649,0,66692,28,0,127558.0,33.857142857142854,0.0
2022-07-20,10629729,31702,0,152521,53,0,140455.85714285713,41.714285714285715,0.0
2022-07-21,10815963,31750,0,186234,48,0,150587.2857142857,42.857142857142854,0.0
2022-07-22,11011053,31802,0,195090,52,0,157780.14285714287,47.0,0.0
2022-07-23,11211985,31877,0,200932,75,0,176310.14285714287,59.42857142857143,0.0
2022-07-24,11388477,31902,0,176492,25,0,184464.2857142857,70.28571428571429,0.0
2022-07-25,11514977,31950,0,126500,48,0,191159.85714285713,79.71428571428571,0.0
2022-07-26,11711379,32065,0,196402,115,0,194903.85714285713,89.71428571428571,0.0
2022-07-27,11920979,32194,0,209600,129,0,197946.42857142858,93.42857142857143,0.0
2022-07-28,12154082,32308,0,233103,114,0,200986.42857142858,101.57142857142857,0.0
2022-07-29,12375380,32430,0,221298,122,0,202861.85714285713,108.14285714285714,0.0
2022-07-30,12597610,32531,0,222230,101,0,204935.2857142857,112.14285714285714,0.0
2022-07-31,12795382,32613,0,197772,82,0,210665.0,117.85714285714286,0.0
2022-08-01,12935010,32707,0,139628,94,0,211464.7142857143,124.57142857142857,0.0
2022-08-02,13145926,32850,0,210916,143,0,213235.2857142857,137.71428571428572,0.0
2022-08-03,13395634,33019,0,249708,169,0,213985.2857142857,145.0,0.0
2022-08-04,13634335,33180,0,238701,161,0,215220.85714285713,155.0,0.0
2022-08-05,13868027,33394,0,233692,214,0,214957.0,163.0,0.0
2022-08-06,14095507,33546,0,227480,152,0,215178.42857142858,182.28571428571428,0.0
2022-08-07,14301928,33698,0,206421,152,0,215261.2857142857,194.0,0.0
2022-08-08,14439709,33848,0,137781,150,0,215462.42857142858,200.42857142857142,0.0
2022-08-09,14652175,34126,0,212466,278,0,206180.42857142858,199.85714285714286,0.0
2022-08-10,14902463,34377,0,250288,251,0,199917.85714285713,214.71428571428572,0.0
2022-08-11,15142572,34583,0,240109,206,0,195906.42857142858,214.85714285714286,0.0
2022-08-12,15311290,34793,0,168718,210,0,196005.57142857142,222.57142857142858,0.0
2022-08-13,15494932,35049,0,183642,256,0,189386.0,226.57142857142858,0.0
2022-08-14,15673273,35202,0,178341,153,0,186682.14285714287,232.14285714285714,0.0
2022-08-15,15811748,35406,0,138475,204,0,188878.7142857143,243.71428571428572,0.0
2022-08-16,15977877,35712,0,166129,306,0,202061.7142857143,255.71428571428572,0.0
2022-08-17,16209238,36002,0,231361,290,0,211997.42857142858,255.42857142857142,0.0
2022-08-18,16464723,36289,0,255485,287,0,218827.0,265.85714285714283,0.0
2022-08-19,16725722,36583,0,260999,294,0,219176.2857142857,271.7142857142857,0.0
2022-08-20,16978914,36837,0,253192,254,0,225222.2857142857,277.0,0.0
2022-08-21,17205062,37063,0,226148,226,0,226955.0,278.57142857142856,0.0
2022-08-22,17345982,37308,0,140920,245,0,222006.7142857143,279.85714285714283,0.0
2022-08-23,17554433,37651,0,208451,343,0,212198.7142857143,283.7142857142857,0.0
2022-08-24,17797923,37952,0,243490,301,0,201751.2857142857,284.7142857142857,0.0
2022-08-25,18018770,38248,0,220847,296,0,191981.0,284.0,0.0
2022-08-26,18211113,38569,0,192343,321,0,185539.42857142858,282.42857142857144,0.0
2022-08-27,18391173,38830,0,180060,261,0,177558.14285714287,279.0,0.0
2022-08-28,18548929,39051,0,157756,221,0,166989.2857142857,284.2857142857143,0.0
2022-08-29,18644758,39285,0,95829,234,0,156844.85714285713,285.2857142857143,0.0
2022-08-30,18797340,39604,0,152582,319,0,147964.7142857143,289.42857142857144,0.0
2022-08-31,18966848,39942,0,169508,338,0,139829.2857142857,293.2857142857143,0.0
2022-09-01,19116684,40245,0,149836,303,0,132695.42857142858,292.57142857142856,0.0
2022-09-02,19246866,40595,0,130182,350,0,128714.42857142857,290.7142857142857,0.0
2022-09-03,19369978,40883,0,123112,288,0,122937.14285714286,290.85714285714283,0.0
2022-09-04,19477797,41099,0,107819,216,0,117262.0,277.85714285714283,0.0
2022-09-05,19545759,41320,0,67962,221,0,111906.14285714286,267.0,0.0
2022-09-06,19657900,41640,0,112141,320,0,107514.28571428571,250.71428571428572,0.0
2022-09-07,19787682,41887,0,129782,247,0,103169.57142857143,239.28571428571428,0.0
2022-09-08,19900027,42114,0,112345,227,0,99408.28571428571,223.28571428571428,0.0
2022-09-09,19999466,42350,0,99439,236,0,97247.42857142857,212.42857142857142,0.0
2022-09-10,20092165,42558,0,92699,208,0,93737.0,198.14285714285714,0.0
2022-09-11,20173655,42662,0,81490,104,0,89515.14285714286,189.14285714285714,0.0
2022-09-12,20226491,42807,0,52836,145,0,85735.0,181.14285714285714,0.0
2022-09-13,20314059,43027,0,87568,220,0,82380.28571428571,172.71428571428572,0.0
2022-09-14,20414288,43211,0,100229,184,0,79273.42857142857,162.71428571428572,0.0
2022-09-15,20500172,43382,0,85884,171,0,76781.42857142857,158.14285714285714,0.0
2022-09-16,20576128,43559,0,75956,177,0,74667.28571428571,148.42857142857142,0.0
2022-09-17,20647079,43697,0,70951,138,0,66689.14285714286,135.14285714285714,0.0
2022-09-18,20711125,43769,0,64046,72,0,62344.0,126.85714285714286,0.0
2022-09-19,20749162,43846,0,38037,77,0,61128.142857142855,117.0,0.0
2022-09-20,20780883,43973,0,31721,127,0,59397.0,104.14285714285714,0.0
2022-09-21,20850696,44099,0,69813,126,0,54863.0,94.14285714285714,0.0
2022-09-22,20928069,44201,0,77373,102,0,52393.857142857145,90.85714285714286,0.0
2022-09-23,20991907,44288,0,63838,87,0,53178.71428571428,90.42857142857143,0.0
2022-09-24,21031120,44356,0,39213,68,0,54891.42857142857,87.28571428571429,0.0
2022-09-25,21077882,44405,0,46762,49,0,52058.0,83.0,0.0
2022-09-26,21121413,44479,0,43531,74,0,47029.42857142857,86.57142857142857,0.0
2022-09-27,21165123,44584,0,43710,105,0,43144.857142857145,90.0,0.0
2022-09-28,21215102,44680,0,49979,96,0,42628.42857142857,95.28571428571429,0.0
2022-09-29,21257275,44807,0,42173,127,0,40135.57142857143,98.42857142857143,0.0
2022-09-30,21293921,44918,0,36646,111,0,36083.57142857143,95.42857142857143,0.0
2022-10-01,21329519,45023,0,35598,105,0,35514.0,89.71428571428571,0.0
2022-10-02,21358831,45094,0,29312,71,0,34282.42857142857,86.57142857142857,0.0
2022-10-03,21373998,45147,0,15167,53,0,33034.857142857145,81.42857142857143,0.0
2022-10-04,21413721,45212,0,39723,65,0,32005.85714285714,76.0,0.0
2022-10-05,21455079,45286,0,41358,74,0,30746.85714285714,72.85714285714286,0.0
2022-10-06,21488519,45377,0,33440,91,0,29816.0,70.85714285714286,0.0
2022-10-07,21517962,45450,0,29443,73,0,29511.85714285714,70.42857142857143,0.0
2022-10-08,21544747,45533,0,26785,83,0,25711.85714285714,65.0,0.0
2022-10-09,21567543,45590,0,22796,57,0,26304.285714285714,62.142857142857146,0.0
2022-10-10,21580581,45640,0,13038,50,0,28054.285714285714,60.285714285714285,0.0
2022-10-11,21593704,45667,0,13123,27,0,29077.428571428572,58.857142857142854,0.0
2022-10-12,21639209,45721,0,45505,54,0,30270.714285714286,56.57142857142857,0.0
2022-10-13,21684899,45799,0,45690,78,0,31251.571428571428,55.142857142857146,0.0
2022-10-14,21721504,45862,0,36605,63,0,31585.0,50.857142857142854,0.0
2022-10-15,21756642,45929,0,35138,67,0,35752.28571428572,55.0,0.0
2022-10-16,21786304,45976,0,29662,47,0,35473.71428571428,57.0,0.0
2022-10-17,21801676,45996,0,15372,20,0,34105.142857142855,56.0,0.0
2022-10-18,21843970,46052,0,42294,56,0,33389.142857142855,56.57142857142857,0.0
2022-10-19,21887525,46120,0,43555,68,0,33251.28571428572,58.142857142857146,0.0
2022-10-20,21923635,46191,0,36110,71,0,33424.28571428572,57.714285714285715,0.0
2022-10-21,21955228,46258,0,31593,67,0,33635.71428571428,59.857142857142854,0.0
2022-10-22,21989401,46336,0,34173,78,0,34408.857142857145,57.285714285714285,0.0
2022-10-23,22020274,46380,0,30873,44,0,35371.57142857143,57.142857142857146,0.0
2022-10-24,22037126,46415,0,16852,35,0,36318.28571428572,57.142857142857146,0.0
2022-10-25,22084832,46453,0,47706,38,0,37412.71428571428,54.857142857142854,0.0
2022-10-26,22135126,46520,0,50294,67,0,38891.28571428572,52.0,0.0
2022-10-27,22177863,46591,0,42737,71,0,40282.42857142857,51.714285714285715,0.0
2022-10-28,22217117,46642,0,39254,51,0,41066.57142857143,50.0,0.0
2022-10-29,22261640,46700,0,44523,58,0,43577.142857142855,52.0,0.0
2022-10-30,22302251,46742,0,40611,42,0,46448.857142857145,52.42857142857143,0.0
2022-10-31,22324592,46765,0,22341,23,0,49982.57142857143,52.142857142857146,0.0
2022-11-01,22389872,46817,0,65280,52,0,49241.142857142855,53.285714285714285,0.0
2022-11-02,22460268,46887,0,70396,70,0,53476.42857142857,55.285714285714285,0.0
2022-11-03,22527741,46956,0,67473,69,0,57160.142857142855,55.857142857142854,0.0
2022-11-04,22561805,47015,0,34064,59,0,58486.0,58.57142857142857,0.0
2022-11-05,22635975,47087,0,74170,72,0,60789.0,61.142857142857146,0.0
2022-11-06,22702372,47133,0,66397,46,0,63219.57142857143,65.0,0.0
2022-11-07,22733994,47175,0,31622,42,0,64805.857142857145,69.42857142857143,0.0
2022-11-08,22815395,47245,0,81401,70,0,70524.28571428571,72.57142857142857,0.0
2022-11-09,22902805,47342,0,87410,97,0,71283.71428571429,75.85714285714286,0.0
2022-11-10,22981382,47442,0,78577,100,0,71640.42857142857,78.85714285714286,0.0
2022-11-11,23055475,47523,0,74093,81,0,72488.0,79.71428571428571,0.0
2022-11-12,23134961,47618,0,79486,95,0,75120.14285714286,69.71428571428571,0.0
2022-11-13,23203855,47685,0,68894,67,0,78019.0,71.71428571428571,0.0
2022-11-14,23241410,47733,0,37555,48,0,79880.28571428571,77.42857142857143,0.0
2022-11-15,23341236,47723,0,99826,0,0,81549.0,79.0,0.0
2022-11-16,23448938,47834,0,107702,111,0,83034.85714285714,79.85714285714286,0.0
2022-11-17,23540544,47974,0,91606,140,0,84296.0,87.71428571428571,0.0
2022-11-18,23626318,48066,0,85774,92,0,84991.57142857143,89.0,0.0
2022-11-19,23716205,48167,0,89887,101,0,88050.14285714286,109.57142857142857,0.0
2022-11-20,23793927,48289,0,77722,122,0,91715.71428571429,116.57142857142857,0.0
2022-11-21,23836351,48346,0,42424,57,0,87216.0,115.14285714285714,0.0
2022-11-22,23957587,48490,0,121236,144,0,91796.85714285714,116.28571428571429,0.0
2022-11-23,24090948,48650,0,133361,160,0,96859.71428571429,125.28571428571429,0.0
2022-11-24,24151056,48780,0,60108,130,0,99824.57142857143,128.14285714285714,0.0
2022-11-25,24268896,48880,0,117840,100,0,100780.71428571429,134.71428571428572,0.0
2022-11-26,24394223,49044,0,125327,164,0,102760.71428571429,136.0,0.0
2022-11-27,24492699,49186,0,98476,142,0,103480.0,143.14285714285714,0.0
2022-11-28,24541816,49289,0,49117,103,0,111779.0,150.57142857142858,0.0
2022-11-29,24676912,49442,0,135096,153,0,110648.71428571429,163.0,0.0
2022-11-30,24815308,49652,0,138396,210,0,108400.71428571429,165.28571428571428,0.0
2022-12-01,24933509,49834,0,118201,182,0,107127.85714285714,166.57142857142858,0.0
2022-12-02,25043437,50021,0,109928,187,0,106914.14285714286,168.57142857142858,0.0
2022-12-03,25153028,50201,0,109591,180,0,107225.71428571429,167.71428571428572,0.0
2022-12-04,25242594,50352,0,89566,151,0,108795.28571428571,167.85714285714286,0.0
2022-12-05,25290215,50469,0,47621,117,0,110918.71428571429,176.57142857142858,0.0
2022-12-06,25427492,50616,0,137277,147,0,113370.42857142857,182.42857142857142,0.0
2022-12-07,25576875,50827,0,149383,211,0,117109.0,188.42857142857142,0.0
2022-12-08,25709940,51070,0,133065,243,0,121338.71428571429,194.0,0.0
2022-12-09,25837030,51298,0,127090,228,0,123440.85714285714,195.42857142857142,0.0
2022-12-10,25972791,51520,0,135761,222,0,129114.71428571429,205.0,0.0
2022-12-11,26091965,51710,0,119174,190,0,135003.85714285713,209.71428571428572,0.0
2022-12-12,26154301,51837,0,62336,127,0,140064.7142857143,214.57142857142858,0.0
2022-12-13,26331295,52051,0,176994,214,0,143852.14285714287,219.0,0.0
2022-12-14,26521902,52295,0,190607,244,0,147083.85714285713,225.0,0.0
2022-12-15,26690393,52572,0,168491,277,0,149521.42857142858,231.0,0.0
2022-12-16,26843995,52831,0,153602,259,0,150747.85714285713,238.57142857142858,0.0
2022-12-17,27002378,53095,0,158383,264,0,152187.2857142857,241.0,0.0
2022-12-18,27138615,53327,0,136237,232,0,154521.0,248.42857142857142,0.0
2022-12-19,27209536,53507,0,70921,180,0,156790.14285714287,257.2857142857143,0.0
2022-12-20,27396606,53738,0,187070,231,0,159609.2857142857,265.2857142857143,0.0
2022-12-21,27603549,54034,0,206943,296,0,162357.7142857143,276.0,0.0
2022-12-22,27787924,54373,0,184375,339,0,164276.0,286.57142857142856,0.0
2022-12-23,27961260,54688,0,173336,315,0,165181.0,291.85714285714283,0.0
2022-12-24,28138882,55027,0,177622,339,0,167648.57142857142,297.57142857142856,0.0
2022-12-25,28288547,55333,0,149665,306,0,168973.7142857143,314.57142857142856,0.0
2022-12-26,28365803,55550,0,77256,217,0,170072.0,326.14285714285717,0.0
2022-12-27,28570146,55821,0,204343,271,0,166564.57142857142,327.7142857142857,0.0
2022-12-28,28786365,56236,0,216219,415,0,156542.14285714287,321.0,0.0
2022-12-29,28978428,56656,0,192063,420,0,147579.14285714287,312.57142857142856,0.0
2022-12-30,29127212,56982,0,148784,326,0,147437.42857142858,311.2857142857143,0.0
2022-12-31,29234677,57274,0,107465,292,0,131374.7142857143,304.42857142857144,0.0
2023-01-01,29321601,57521,0,86924,247,0,115386.85714285714,276.2857142857143,0.0
2023-01-02,29397865,57729,0,76264,208,0,120364.14285714286,264.0,0.0
2023-01-03,29489769,57952,0,91904,223,0,134186.7142857143,282.57142857142856,0.0
2023-01-04,29594073,58170,0,104304,218,0,152928.0,307.0,0.0
2023-01-05,29820977,58504,0,226904,334,0,167730.0,329.85714285714283,0.0
2023-01-06,30066519,58960,0,245542,456,0,170450.57142857142,348.14285714285717,0.0
2023-01-07,30305173,59423,0,238654,463,0,168604.57142857142,352.42857142857144,0.0
2023-01-08,30495711,59830,0,190538,407,0,182114.42857142858,375.7142857142857,0.0
2023-01-09,30591019,60166,0,95308,336,0,176195.57142857142,397.85714285714283,0.0
2023-01-10,30670001,60419,0,78982,253,0,161700.57142857142,401.2857142857143,0.0
2023-01-11,30868874,60800,0,198873,381,0,146474.42857142858,407.0,0.0
2023-01-12,31054346,61289,0,185472,489,0,134723.42857142858,408.14285714285717,0.0
2023-01-13,31198423,61769,0,144077,480,0,128876.28571428571,400.7142857142857,0.0
2023-01-14,31330494,62272,0,132071,503,0,135707.2857142857,415.57142857142856,0.0
2023-01-15,31438775,62687,0,108281,415,0,125169.42857142857,425.2857142857143,0.0
2023-01-16,31493153,62971,0,54378,284,0,112443.71428571429,419.85714285714283,0.0
2023-01-17,31619952,63328,0,126799,357,0,103663.28571428571,412.0,0.0
2023-01-18,31745060,63777,0,125108,449,0,96075.14285714286,397.0,0.0
2023-01-19,31841452,64228,0,96392,451,0,89813.57142857143,384.2857142857143,0.0
2023-01-20,31924066,64653,0,82614,425,0,86698.28571428571,379.85714285714283,0.0
2023-01-21,32003020,65051,0,78954,398,0,81984.28571428571,372.7142857142857,0.0
2023-01-22,32067470,65377,0,64450,326,0,75448.0,361.14285714285717,0.0
2023-01-23,32100041,65630,0,32571,253,0,70232.71428571429,355.2857142857143,0.0
2023-01-24,32193842,65937,0,93801,307,0,66132.28571428571,343.57142857142856,0.0
2023-01-25,32273196,66305,0,79354,368,0,62679.142857142855,335.0,0.0
2023-01-26,32333081,66715,0,59885,410,0,59861.857142857145,324.2857142857143,0.0
2023-01-27,32386992,67058,0,53911,343,0,58269.71428571428,317.57142857142856,0.0
2023-01-28,32441774,67396,0,54782,338,0,51600.71428571428,308.85714285714283,0.0
2023-01-29,32486503,67647,0,44729,251,0,48198.28571428572,300.2857142857143,0.0
2023-01-30,32507929,67853,0,21426,206,0,46114.57142857143,298.42857142857144,0.0
2023-01-31,32555047,68099,0,47118,246,0,44116.42857142857,283.2857142857143,0.0
2023-02-01,32610584,68407,0,55537,308,0,41802.0,271.57142857142856,0.0
2023-02-02,32655883,68804,0,45299,397,0,40049.142857142855,262.57142857142856,0.0
2023-02-03,32695807,69041,0,39924,237,0,39218.57142857143,250.85714285714286,0.0
2023-02-04,32734388,69297,0,38581,256,0,38881.0,238.71428571428572,0.0
2023-02-05,32766847,69485,0,32459,188,0,36887.71428571428,223.28571428571428,0.0
2023-02-06,32782459,69609,0,15612,124,0,35126.28571428572,198.42857142857142,0.0
2023-02-07,32827214,69770,0,44755,161,0,33510.71428571428,192.0,0.0
2023-02-08,32868798,69970,0,41584,200,0,31909.285714285714,181.28571428571428,0.0
2023-02-09,32901767,70193,0,32969,223,0,29235.14285714286,174.0,0.0
2023-02-10,32930382,70385,0,28615,192,0,28351.0,169.57142857142858,0.0
2023-02-11,32957753,70566,0,27371,181,0,26538.85714285714,165.85714285714286,0.0
2023-02-12,32971493,70703,0,13740,137,0,24708.571428571428,167.71428571428572,0.0
2023-02-13,32980916,70796,0,9423,93,0,23048.285714285714,160.42857142857142,0.0
2023-02-14,33012986,70931,0,32070,135,0,21618.428571428572,153.14285714285714,0.0
2023-02-15,33041758,71144,0,28772,213,0,20154.571428571428,145.85714285714286,0.0
2023-02-16,33063105,71316,0,21347,172,0,20225.85714285714,141.57142857142858,0.0
2023-02-17,33081711,71457,0,18606,141,0,19882.571428571428,135.57142857142858,0.0
2023-02-18,33098835,71587,0,17124,130,0,18074.0,126.57142857142857,0.0
2023-02-19,33113074,71694,0,14239,107,0,16628.571428571428,112.42857142857143,0.0
2023-02-20,33120094,71745,0,7020,51,0,15749.42857142857,106.14285714285714,0.0
2023-02-21,33139504,71817,0,19410,72,0,14021.714285714286,97.85714285714286,0.0
2023-02-22,33158158,71931,0,18654,114,0,13696.285714285714,89.57142857142857,0.0
2023-02-23,33173351,72059,0,15193,128,0,13433.42857142857,83.14285714285714,0.0
2023-02-24,33179863,72142,0,6512,83,0,13192.0,83.28571428571429,0.0
2023-02-25,33194709,72214,0,14846,72,0,12532.285714285714,82.57142857142857,0.0
2023-02-26,33207108,72276,0,12399,62,0,11860.285714285714,80.42857142857143,0.0
2023-02-27,33212438,72328,0,5330,52,0,11333.57142857143,74.57142857142857,0.0
2023-02-28,33227230,72395,0,14792,67,0,11906.42857142857,72.28571428571429,0.0
2023-03-01,33241180,72494,0,13950,99,0,11275.714285714286,73.57142857142857,0.0
2023-03-02,33252686,72581,0,11506,87,0,10751.714285714286,71.85714285714286,0.0
2023-03-03,33263208,72648,0,10522,67,0,10599.285714285714,69.28571428571429,0.0
2023-03-04,33273639,72729,0,10431,81,0,10224.142857142857,64.71428571428571,0.0
2023-03-05,33282370,72779,0,8731,50,0,9917.714285714286,60.42857142857143,0.0
2023-03-06,33286633,72813,0,4263,34,0,9678.857142857143,59.42857142857143,0.0
