date,new_confirmed,new_confirmed_smooth
2020-01-25,0,0.7142857142857143
2020-01-26,2,0.7142857142857143
2020-01-27,0,1.2857142857142858
2020-01-28,3,1.8571428571428572
2020-01-29,0,2.5714285714285716
2020-01-30,4,2.2857142857142856
2020-01-31,4,2.2857142857142856
2020-02-01,5,2.142857142857143
2020-02-02,0,2.2857142857142856
2020-02-03,0,1.7142857142857142
2020-02-04,2,1.1428571428571428
2020-02-05,1,0.5714285714285714
2020-02-06,0,0.5714285714285714
2020-02-07,0,0.8571428571428571
2020-02-08,1,0.7142857142857143
2020-02-09,0,0.7142857142857143
2020-02-10,2,1.4285714285714286
2020-02-11,1,2.857142857142857
2020-02-12,1,4.285714285714286
2020-02-13,5,5.142857142857143
2020-02-14,10,5.857142857142857
2020-02-15,11,7.428571428571429
2020-02-16,6,8.142857142857142
2020-02-17,7,8.857142857142858
2020-02-18,12,9.857142857142858
2020-02-19,6,11.857142857142858
2020-02-20,10,12.714285714285714
2020-02-21,17,13.285714285714286
2020-02-22,25,13.428571428571429
2020-02-23,12,15.285714285714286
2020-02-24,11,17.571428571428573
2020-02-25,13,17.714285714285715
2020-02-26,19,15.428571428571429
2020-02-27,26,15.714285714285714
2020-02-28,18,16.857142857142858
2020-02-29,9,17.857142857142858
2020-03-01,14,20.142857142857142
2020-03-02,19,21.0
2020-03-03,20,26.285714285714285
2020-03-04,35,31.571428571428573
2020-03-05,32,34.285714285714285
2020-03-06,55,35.57142857142857
2020-03-07,46,41.0
2020-03-08,33,43.857142857142854
2020-03-09,28,47.285714285714285
2020-03-10,58,44.714285714285715
2020-03-11,55,47.0
2020-03-12,56,46.714285714285715
2020-03-13,37,45.142857142857146
2020-03-14,62,44.0
2020-03-15,31,41.142857142857146
2020-03-16,17,38.857142857142854
2020-03-17,50,41.285714285714285
2020-03-18,35,37.714285714285715
2020-03-19,40,39.714285714285715
2020-03-20,54,43.0
2020-03-21,37,46.285714285714285
2020-03-22,45,55.142857142857146
2020-03-23,40,64.0
2020-03-24,73,72.57142857142857
2020-03-25,97,95.57142857142857
2020-03-26,102,114.71428571428571
2020-03-27,114,122.42857142857143
2020-03-28,198,148.28571428571428
2020-03-29,179,174.42857142857142
2020-03-30,94,200.28571428571428
2020-03-31,254,232.0
2020-04-01,280,256.7142857142857
2020-04-02,283,281.2857142857143
2020-04-03,336,301.2857142857143
2020-04-04,371,318.57142857142856
2020-04-05,351,355.0
2020-04-06,234,399.42857142857144
2020-04-07,375,442.2857142857143
2020-04-08,535,489.42857142857144
2020-04-09,594,513.8571428571429
2020-04-10,636,523.2857142857143
2020-04-11,701,541.7142857142857
2020-04-12,522,545.0
2020-04-13,300,540.5714285714286
2020-04-14,504,529.7142857142857
2020-04-15,558,513.8571428571429
2020-04-16,563,491.57142857142856
2020-04-17,560,497.85714285714283
2020-04-18,590,480.57142857142856
2020-04-19,366,457.42857142857144
2020-04-20,344,438.7142857142857
2020-04-21,383,413.7142857142857
2020-04-22,396,376.85714285714283
2020-04-23,432,355.85714285714283
2020-04-24,385,331.14285714285717
2020-04-25,332,317.0
2020-04-26,219,291.2857142857143
2020-04-27,171,259.2857142857143
2020-04-28,284,243.42857142857142
2020-04-29,216,239.28571428571428
2020-04-30,208,236.57142857142858
2020-05-01,274,236.14285714285714
2020-05-02,303,213.42857142857142
2020-05-03,200,197.0
2020-05-04,168,181.28571428571428
2020-05-05,125,154.57142857142858
2020-05-06,101,127.71428571428571
2020-05-07,98,109.0
2020-05-08,87,90.28571428571429
2020-05-09,115,84.85714285714286
2020-05-10,69,77.57142857142857
2020-05-11,37,77.57142857142857
2020-05-12,87,72.57142857142857
2020-05-13,50,63.857142857142854
2020-05-14,98,57.42857142857143
2020-05-15,52,56.857142857142854
2020-05-16,54,48.42857142857143
2020-05-17,24,46.142857142857146
2020-05-18,33,38.0
2020-05-19,28,33.857142857142854
2020-05-20,34,29.714285714285715
2020-05-21,41,32.142857142857146
2020-05-22,23,30.428571428571427
2020-05-23,25,30.714285714285715
2020-05-24,41,29.571428571428573
2020-05-25,21,32.285714285714285
2020-05-26,30,39.42857142857143
2020-05-27,26,42.285714285714285
2020-05-28,60,41.42857142857143
2020-05-29,73,43.714285714285715
2020-05-30,45,46.714285714285715
2020-05-31,35,47.142857142857146
2020-06-01,37,44.857142857142854
2020-06-02,51,41.142857142857146
2020-06-03,29,41.285714285714285
2020-06-04,44,41.714285714285715
2020-06-05,47,39.42857142857143
2020-06-06,46,38.57142857142857
2020-06-07,38,39.57142857142857
2020-06-08,21,39.57142857142857
2020-06-09,45,41.57142857142857
2020-06-10,36,41.42857142857143
2020-06-11,44,46.714285714285715
2020-06-12,61,54.0
2020-06-13,45,53.57142857142857
2020-06-14,75,55.0
2020-06-15,72,58.57142857142857
2020-06-16,42,58.57142857142857
2020-06-17,46,61.285714285714285
2020-06-18,69,58.42857142857143
2020-06-19,61,54.285714285714285
2020-06-20,64,56.42857142857143
2020-06-21,55,63.57142857142857
2020-06-22,43,65.42857142857143
2020-06-23,57,71.71428571428571
2020-06-24,96,75.71428571428571
2020-06-25,82,84.0
2020-06-26,105,93.57142857142857
2020-06-27,92,105.14285714285714
2020-06-28,113,109.57142857142857
2020-06-29,110,125.57142857142857
2020-06-30,138,146.28571428571428
2020-07-01,127,172.28571428571428
2020-07-02,194,185.85714285714286
2020-07-03,250,195.28571428571428
2020-07-04,274,205.28571428571428
2020-07-05,208,216.71428571428572
2020-07-06,176,239.71428571428572
2020-07-07,208,265.42857142857144
2020-07-08,207,281.42857142857144
2020-07-09,355,309.85714285714283
2020-07-10,430,321.7142857142857
2020-07-11,386,339.57142857142856
2020-07-12,407,374.2857142857143
2020-07-13,259,412.7142857142857
2020-07-14,333,436.57142857142856
2020-07-15,450,475.85714285714283
2020-07-16,624,490.7142857142857
2020-07-17,597,513.4285714285714
2020-07-18,661,556.1428571428571
2020-07-19,511,605.4285714285714
2020-07-20,418,656.4285714285714
2020-07-21,632,682.4285714285714
2020-07-22,795,702.4285714285714
2020-07-23,981,749.2857142857143
2020-07-24,779,775.2857142857143
2020-07-25,801,825.7142857142857
2020-07-26,839,893.5714285714286
2020-07-27,600,940.2857142857143
2020-07-28,985,1055.5714285714287
2020-07-29,1270,1160.2857142857142
2020-07-30,1308,1230.5714285714287
2020-07-31,1586,1282.7142857142858
2020-08-01,1534,1320.0
2020-08-02,1331,1332.142857142857
2020-08-03,965,1357.4285714285713
2020-08-04,1246,1360.142857142857
2020-08-05,1355,1365.4285714285713
2020-08-06,1485,1381.142857142857
2020-08-07,1605,1363.0
2020-08-08,1571,1284.5714285714287
2020-08-09,1441,1230.857142857143
2020-08-10,838,1186.142857142857
2020-08-11,697,1150.5714285714287
2020-08-12,979,1102.0
2020-08-13,1172,1041.4285714285713
2020-08-14,1356,1014.1428571428571
2020-08-15,1231,1045.4285714285713
2020-08-16,1017,1058.4285714285713
2020-08-17,647,1059.2857142857142
2020-08-18,916,1013.7142857142857
2020-08-19,1070,978.4285714285714
2020-08-20,1178,939.4285714285714
2020-08-21,1037,917.4285714285714
2020-08-22,984,888.7142857142857
2020-08-23,744,864.8571428571429
2020-08-24,493,819.8571428571429
2020-08-25,715,796.8571428571429
2020-08-26,903,776.8571428571429
2020-08-27,863,756.2857142857143
2020-08-28,876,748.1428571428571
2020-08-29,844,736.4285714285714
2020-08-30,600,692.0
2020-08-31,436,662.5714285714286
2020-09-01,633,621.2857142857143
2020-09-02,592,586.1428571428571
2020-09-03,657,564.8571428571429
2020-09-04,587,544.1428571428571
2020-09-05,598,526.4285714285714
2020-09-06,451,514.4285714285714
2020-09-07,291,522.2857142857143
2020-09-08,509,530.1428571428571
2020-09-09,508,537.0
2020-09-10,712,535.2857142857143
2020-09-11,642,531.7142857142857
2020-09-12,646,534.8571428571429
2020-09-13,439,541.0
2020-09-14,266,509.14285714285717
2020-09-15,531,499.14285714285717
2020-09-16,551,492.0
2020-09-17,489,497.85714285714283
2020-09-18,572,504.14285714285717
2020-09-19,596,475.57142857142856
2020-09-20,480,428.14285714285717
2020-09-21,310,427.14285714285717
2020-09-22,331,427.2857142857143
2020-09-23,219,433.42857142857144
2020-09-24,482,434.14285714285717
2020-09-25,573,433.0
2020-09-26,639,461.0
2020-09-27,485,512.0
2020-09-28,302,533.5714285714286
2020-09-29,527,529.1428571428571
2020-09-30,576,519.8571428571429
2020-10-01,633,507.7142857142857
2020-10-02,542,504.42857142857144
2020-10-03,574,500.57142857142856
2020-10-04,400,490.57142857142856
2020-10-05,279,489.7142857142857
2020-10-06,500,498.42857142857144
2020-10-07,506,513.2857142857143
2020-10-08,627,518.4285714285714
2020-10-09,603,518.2857142857143
2020-10-10,678,518.0
2020-10-11,436,524.5714285714286
2020-10-12,278,536.1428571428571
2020-10-13,498,541.2857142857143
2020-10-14,552,533.4285714285714
2020-10-15,708,532.5714285714286
2020-10-16,639,538.0
2020-10-17,623,535.5714285714286
2020-10-18,430,544.5714285714286
2020-10-19,316,531.4285714285714
2020-10-20,481,546.5714285714286
2020-10-21,615,561.2857142857143
2020-10-22,616,570.2857142857143
2020-10-23,745,583.7142857142857
2020-10-24,726,607.2857142857143
2020-10-25,493,623.8571428571429
2020-10-26,410,651.2857142857143
2020-10-27,646,655.4285714285714
2020-10-28,731,677.0
2020-10-29,808,694.1428571428571
2020-10-30,774,705.1428571428571
2020-10-31,877,736.4285714285714
2020-11-01,613,721.1428571428571
2020-11-02,487,755.4285714285714
2020-11-03,865,808.1428571428571
2020-11-04,624,873.2857142857143
2020-11-05,1048,921.4285714285714
2020-11-06,1143,963.2857142857143
2020-11-07,1333,1023.0
2020-11-08,950,1154.4285714285713
2020-11-09,780,1241.7142857142858
2020-11-10,1283,1321.857142857143
2020-11-11,1544,1379.2857142857142
2020-11-12,1659,1449.142857142857
2020-11-13,1704,1473.4285714285713
2020-11-14,1735,1533.0
2020-11-15,1439,1625.857142857143
2020-11-16,950,1729.5714285714287
2020-11-17,1700,1832.0
2020-11-18,2194,1954.4285714285713
2020-11-19,2385,2057.285714285714
2020-11-20,2421,2138.4285714285716
2020-11-21,2592,2071.1428571428573
2020-11-22,2159,2035.142857142857
2020-11-23,1518,2051.5714285714284
2020-11-24,1229,2067.285714285714
2020-11-25,1942,2079.1428571428573
2020-11-26,2500,2065.285714285714
2020-11-27,2531,2053.5714285714284
2020-11-28,2675,2168.4285714285716
2020-11-29,2062,2238.4285714285716
2020-11-30,1436,2240.8571428571427
2020-12-01,2033,2229.5714285714284
2020-12-02,2432,2205.714285714286
2020-12-03,2517,2202.285714285714
2020-12-04,2452,2215.8571428571427
2020-12-05,2508,2236.285714285714
2020-12-06,2038,2290.285714285714
2020-12-07,1531,2354.8571428571427
2020-12-08,2176,2403.8571428571427
2020-12-09,2810,2479.4285714285716
2020-12-10,2969,2528.714285714286
2020-12-11,2795,2550.1428571428573
2020-12-12,3037,2585.8571428571427
2020-12-13,2383,2612.4285714285716
2020-12-14,1681,2646.714285714286
2020-12-15,2426,2652.714285714286
2020-12-16,2996,2645.8571428571427
2020-12-17,3209,2661.285714285714
2020-12-18,2837,2679.8571428571427
2020-12-19,2989,2718.1428571428573
2020-12-20,2491,2758.1428571428573
2020-12-21,1811,2834.8571428571427
2020-12-22,2694,2977.0
2020-12-23,3276,3105.0
2020-12-24,3746,3169.714285714286
2020-12-25,3832,3253.4285714285716
2020-12-26,3885,3386.714285714286
2020-12-27,2944,3471.714285714286
2020-12-28,2397,3584.0
2020-12-29,3627,3501.714285714286
2020-12-30,3871,3385.4285714285716
2020-12-31,4532,3417.1428571428573
2021-01-01,3256,3552.285714285714
2021-01-02,3071,3741.1428571428573
2021-01-03,3166,4052.285714285714
2021-01-04,3343,4496.571428571428
2021-01-05,4949,5168.142857142857
2021-01-06,6049,5851.428571428572
2021-01-07,7642,6271.714285714285
2021-01-08,7957,6495.0
2021-01-09,7854,6444.714285714285
2021-01-10,6108,6425.857142857143
2021-01-11,4906,6285.0
2021-01-12,4597,6173.0
2021-01-13,5917,6057.0
2021-01-14,6656,6007.285714285715
2021-01-15,7173,6011.714285714285
2021-01-16,7042,6117.142857142857
2021-01-17,5760,6066.428571428572
2021-01-18,4937,5924.714285714285
2021-01-19,5335,5622.428571428572
2021-01-20,5562,5291.571428571428
2021-01-21,5664,5038.714285714285
2021-01-22,5057,4728.142857142857
2021-01-23,4726,4516.428571428572
2021-01-24,3990,4289.571428571428
2021-01-25,2763,4070.5714285714284
2021-01-26,3853,3853.5714285714284
2021-01-27,3974,3655.8571428571427
2021-01-28,4131,3467.714285714286
2021-01-29,3538,3329.1428571428573
2021-01-30,3342,3110.714285714286
2021-01-31,2673,2919.285714285714
2021-02-01,1793,2697.4285714285716
2021-02-02,2324,2530.5714285714284
2021-02-03,2634,2378.4285714285716
2021-02-04,2578,2229.4285714285716
2021-02-05,2370,2147.1428571428573
2021-02-06,2277,2039.142857142857
2021-02-07,1630,1932.2857142857142
2021-02-08,1217,1805.4285714285713
2021-02-09,1568,1652.5714285714287
2021-02-10,1886,1521.5714285714287
2021-02-11,1690,1483.2857142857142
2021-02-12,1300,1447.2857142857142
2021-02-13,1360,1410.142857142857
2021-02-14,1362,1347.5714285714287
2021-02-15,965,1325.5714285714287
2021-02-16,1308,1325.7142857142858
2021-02-17,1448,1307.5714285714287
2021-02-18,1536,1260.4285714285713
2021-02-19,1301,1228.2857142857142
2021-02-20,1233,1195.857142857143
2021-02-21,1032,1120.5714285714287
2021-02-22,740,1054.857142857143
2021-02-23,1081,1019.5714285714286
2021-02-24,921,1016.7142857142857
2021-02-25,1076,1012.0
2021-02-26,1054,1006.0
2021-02-27,1213,978.4285714285714
2021-02-28,999,1024.4285714285713
2021-03-01,698,1037.7142857142858
2021-03-02,888,1051.142857142857
2021-03-03,1243,1026.857142857143
2021-03-04,1169,1037.142857142857
2021-03-05,1148,1023.1428571428571
2021-03-06,1043,1057.2857142857142
2021-03-07,1071,1067.2857142857142
2021-03-08,600,1088.4285714285713
2021-03-09,1127,1106.0
2021-03-10,1313,1145.4285714285713
2021-03-11,1317,1133.4285714285713
2021-03-12,1271,1147.0
2021-03-13,1319,1147.857142857143
2021-03-14,987,1179.2857142857142
2021-03-15,695,1205.0
2021-03-16,1133,1232.4285714285713
2021-03-17,1533,1260.5714285714287
2021-03-18,1497,1279.2857142857142
2021-03-19,1463,1296.5714285714287
2021-03-20,1516,1349.0
2021-03-21,1118,1403.857142857143
2021-03-22,816,1463.5714285714287
2021-03-23,1500,1543.857142857143
2021-03-24,1917,1623.142857142857
2021-03-25,1915,1718.0
2021-03-26,2025,1793.5714285714287
2021-03-27,2071,1877.4285714285713
2021-03-28,1782,2009.7142857142858
2021-03-29,1345,2108.285714285714
2021-03-30,2087,2212.4285714285716
2021-03-31,2843,2312.5714285714284
2021-04-01,2605,2410.4285714285716
2021-04-02,2754,2442.714285714286
2021-04-03,2772,2525.4285714285716
2021-04-04,2467,2611.8571428571427
2021-04-05,1571,2739.1428571428573
2021-04-06,2666,2844.0
2021-04-07,3448,2985.8571428571427
2021-04-08,3496,3038.5714285714284
2021-04-09,3488,3114.714285714286
2021-04-10,3765,3227.0
2021-04-11,2836,3349.714285714286
2021-04-12,2104,3503.0
2021-04-13,3452,3651.0
2021-04-14,4307,3797.8571428571427
2021-04-15,4569,3976.1428571428573
2021-04-16,4524,4090.285714285714
2021-04-17,4793,4218.571428571428
2021-04-18,4084,4358.428571428572
2021-04-19,2903,4490.285714285715
2021-04-20,4350,4573.142857142857
2021-04-21,5286,4687.714285714285
2021-04-22,5492,4761.285714285715
2021-04-23,5104,4820.0
2021-04-24,5595,4907.285714285715
2021-04-25,4599,4978.285714285715
2021-04-26,3314,5038.428571428572
2021-04-27,4961,4978.428571428572
2021-04-28,5783,5033.857142857143
2021-04-29,5913,5218.285714285715
2021-04-30,4684,5382.571428571428
2021-05-01,5983,5272.428571428572
2021-05-02,5890,5026.285714285715
2021-05-03,4464,4805.857142857143
2021-05-04,4190,5001.0
2021-05-05,4060,5180.285714285715
2021-05-06,4370,5265.142857142857
2021-05-07,6050,5333.142857142857
2021-05-08,7238,5625.285714285715
2021-05-09,6484,6052.571428571428
2021-05-10,4940,6410.285714285715
2021-05-11,6235,6440.571428571428
2021-05-12,7051,6323.285714285715
2021-05-13,6874,6147.857142857143
2021-05-14,6262,5967.428571428572
2021-05-15,6417,5823.0
2021-05-16,5256,5643.0
2021-05-17,3677,5477.0
2021-05-18,5224,5331.714285714285
2021-05-19,5791,5134.285714285715
2021-05-20,5712,4960.428571428572
2021-05-21,5245,4822.428571428572
2021-05-22,5035,4632.142857142857
2021-05-23,4039,4452.428571428572
2021-05-24,2711,4226.714285714285
2021-05-25,3892,4006.4285714285716
2021-05-26,4533,3800.4285714285716
2021-05-27,4132,3634.0
2021-05-28,3703,3502.5714285714284
2021-05-29,3593,3323.5714285714284
2021-05-30,2874,3109.4285714285716
2021-05-31,1791,2923.5714285714284
2021-06-01,2639,2764.8571428571427
2021-06-02,3034,2630.1428571428573
2021-06-03,2831,2508.1428571428573
2021-06-04,2592,2435.1428571428573
2021-06-05,2650,2326.8571428571427
2021-06-06,2020,2213.1428571428573
2021-06-07,1280,2100.4285714285716
2021-06-08,1881,2006.4285714285713
2021-06-09,2238,1905.142857142857
2021-06-10,2042,1814.0
2021-06-11,1934,1764.4285714285713
2021-06-12,1941,1698.142857142857
2021-06-13,1382,1622.2857142857142
2021-06-14,933,1552.0
2021-06-15,1417,1507.142857142857
2021-06-16,1707,1446.7142857142858
2021-06-17,1550,1435.857142857143
2021-06-18,1620,1426.5714285714287
2021-06-19,1518,1429.142857142857
2021-06-20,1306,1439.5714285714287
2021-06-21,868,1457.2857142857142
2021-06-22,1435,1470.142857142857
2021-06-23,1780,1486.2857142857142
2021-06-24,1674,1482.857142857143
2021-06-25,1710,1501.857142857143
2021-06-26,1631,1494.0
2021-06-27,1282,1499.7142857142858
2021-06-28,1001,1511.142857142857
2021-06-29,1380,1520.4285714285713
2021-06-30,1820,1555.7142857142858
2021-07-01,1754,1584.7142857142858
2021-07-02,1775,1588.7142857142858
2021-07-03,1878,1629.857142857143
2021-07-04,1485,1682.5714285714287
2021-07-05,1029,1752.857142857143
2021-07-06,1668,1824.4285714285713
2021-07-07,2189,1907.2857142857142
2021-07-08,2246,1985.142857142857
2021-07-09,2276,2053.1428571428573
2021-07-10,2458,2155.4285714285716
2021-07-11,2030,2298.714285714286
2021-07-12,1505,2466.1428571428573
2021-07-13,2384,2631.4285714285716
2021-07-14,3192,2835.4285714285716
2021-07-15,3418,2988.4285714285716
2021-07-16,3433,3106.0
2021-07-17,3886,3302.4285714285716
2021-07-18,3101,3553.4285714285716
2021-07-19,2328,3836.4285714285716
2021-07-20,3759,3950.8571428571427
2021-07-21,4949,3909.1428571428573
2021-07-22,5399,4186.0
2021-07-23,4234,4526.142857142857
2021-07-24,3594,5084.857142857143
2021-07-25,5039,5753.285714285715
2021-07-26,4709,6518.0
2021-07-27,7670,7460.428571428572
2021-07-28,9628,8721.57142857143
2021-07-29,10752,9465.714285714286
2021-07-30,10831,10004.142857142857
2021-07-31,12422,10637.142857142857
2021-08-01,10248,11306.285714285714
2021-08-02,8478,11958.42857142857
2021-08-03,12101,12669.285714285714
2021-08-04,14312,13154.857142857143
2021-08-05,15317,13766.0
2021-08-06,15807,14294.57142857143
2021-08-07,15821,14099.142857142857
2021-08-08,14526,14344.285714285714
2021-08-09,12178,14875.285714285714
2021-08-10,10733,15545.142857142857
2021-08-11,16028,16185.42857142857
2021-08-12,19034,16665.714285714286
2021-08-13,20496,17069.85714285714
2021-08-14,20303,18408.714285714286
2021-08-15,17888,19561.285714285714
2021-08-16,15007,20462.285714285714
2021-08-17,20105,21247.428571428572
2021-08-18,24096,22013.0
2021-08-19,25341,22649.714285714286
2021-08-20,25992,22923.571428571428
2021-08-21,25662,23147.0
2021-08-22,22345,23192.0
2021-08-23,16924,23148.714285714286
2021-08-24,21669,22909.714285714286
2021-08-25,24411,22509.285714285714
2021-08-26,25038,22079.571428571428
2021-08-27,24319,21615.285714285714
2021-08-28,22859,21051.0
2021-08-29,19337,20424.85714285714
2021-08-30,13674,19450.285714285714
2021-08-31,17719,18364.85714285714
2021-09-01,20028,17387.0
2021-09-02,18216,16468.428571428572
2021-09-03,16721,15689.857142857143
2021-09-04,16014,14673.857142857143
2021-09-05,12907,13582.42857142857
2021-09-06,8224,12465.285714285714
2021-09-07,10607,11342.142857142857
2021-09-08,12388,10311.857142857143
2021-09-09,10396,9498.42857142857
2021-09-10,8859,8919.714285714286
2021-09-11,8802,8301.42857142857
2021-09-12,7213,7504.428571428572
2021-09-13,4173,6832.285714285715
2021-09-14,6279,6297.142857142857
2021-09-15,6809,5711.142857142857
2021-09-16,5691,5165.857142857143
2021-09-17,5113,4887.0
2021-09-18,4700,4242.857142857143
2021-09-19,3396,3733.4285714285716
2021-09-20,2221,3434.8571428571427
2021-09-21,1770,3003.714285714286
2021-09-22,3243,2713.714285714286
2021-09-23,3601,2533.714285714286
2021-09-24,2095,2380.4285714285716
2021-09-25,2670,2373.5714285714284
2021-09-26,2136,2193.5714285714284
2021-09-27,1148,1904.142857142857
2021-09-28,1722,1811.142857142857
2021-09-29,1983,1607.2857142857142
2021-09-30,1575,1440.2857142857142
2021-10-01,1444,1361.857142857143
2021-10-02,1243,1255.7142857142858
2021-10-03,967,1133.142857142857
2021-10-04,599,1047.0
2021-10-05,979,958.8571428571429
2021-10-06,1125,891.8571428571429
2021-10-07,972,832.7142857142857
2021-10-08,827,799.8571428571429
2021-10-09,774,746.7142857142857
2021-10-10,553,690.4285714285714
2021-10-11,369,639.7142857142857
2021-10-12,607,595.4285714285714
2021-10-13,731,556.2857142857143
2021-10-14,617,538.4285714285714
2021-10-15,517,518.5714285714286
2021-10-16,500,484.85714285714283
2021-10-17,428,435.85714285714283
2021-10-18,230,396.7142857142857
2021-10-19,371,369.14285714285717
2021-10-20,388,338.14285714285717
2021-10-21,343,310.14285714285717
2021-10-22,324,298.85714285714283
2021-10-23,283,290.14285714285717
2021-10-24,232,279.0
2021-10-25,151,269.0
2021-10-26,310,264.42857142857144
2021-10-27,310,264.57142857142856
2021-10-28,273,264.0
2021-10-29,292,254.42857142857142
2021-10-30,284,241.71428571428572
2021-10-31,228,235.14285714285714
2021-11-01,84,218.71428571428572
2021-11-02,221,209.14285714285714
2021-11-03,264,201.42857142857142
2021-11-04,158,191.28571428571428
2021-11-05,225,193.57142857142858
2021-11-06,230,189.71428571428572
2021-11-07,157,184.42857142857142
2021-11-08,100,192.57142857142858
2021-11-09,194,189.14285714285714
2021-11-10,227,184.0
2021-11-11,215,182.28571428571428
2021-11-12,201,179.14285714285714
2021-11-13,194,173.0
2021-11-14,145,169.71428571428572
2021-11-15,78,160.14285714285714
2021-11-16,151,153.28571428571428
2021-11-17,204,140.42857142857142
2021-11-18,148,142.14285714285714
2021-11-19,153,138.0
2021-11-20,104,132.28571428571428
2021-11-21,157,114.14285714285714
2021-11-22,49,110.0
2021-11-23,111,105.42857142857143
2021-11-24,77,108.42857142857143
2021-11-25,119,96.28571428571429
2021-11-26,121,101.0
2021-11-27,125,97.85714285714286
2021-11-28,72,103.28571428571429
2021-11-29,82,103.0
2021-11-30,89,108.28571428571429
2021-12-01,115,107.57142857142857
2021-12-02,117,112.14285714285714
2021-12-03,158,112.0
2021-12-04,120,115.14285714285714
2021-12-05,104,118.0
2021-12-06,81,123.28571428571429
2021-12-07,111,121.57142857142857
2021-12-08,135,124.0
2021-12-09,154,128.42857142857142
2021-12-10,146,127.85714285714286
2021-12-11,137,131.85714285714286
2021-12-12,135,135.28571428571428
2021-12-13,77,138.28571428571428
2021-12-14,139,144.14285714285714
2021-12-15,159,153.14285714285714
2021-12-16,175,158.57142857142858
2021-12-17,187,166.71428571428572
2021-12-18,200,183.85714285714286
2021-12-19,173,197.0
2021-12-20,134,213.14285714285714
2021-12-21,259,235.85714285714286
2021-12-22,251,252.85714285714286
2021-12-23,288,265.7142857142857
2021-12-24,346,277.14285714285717
2021-12-25,319,284.85714285714283
2021-12-26,263,315.7142857142857
2021-12-27,214,351.0
2021-12-28,313,372.57142857142856
2021-12-29,467,402.42857142857144
2021-12-30,535,454.57142857142856
2021-12-31,497,535.5714285714286
2022-01-01,528,671.7142857142857
2022-01-02,628,960.4285714285714
2022-01-03,781,1518.857142857143
2022-01-04,1266,2339.8571428571427
2022-01-05,2488,3494.5714285714284
2022-01-06,4444,4582.285714285715
2022-01-07,6244,5389.285714285715
2022-01-08,8611,6119.0
2022-01-09,8242,7654.285714285715
2022-01-10,6430,9687.57142857143
2022-01-11,6374,11969.857142857143
2022-01-12,13235,14415.857142857143
2022-01-13,18677,16878.285714285714
2022-01-14,22220,18959.428571428572
2022-01-15,25733,22669.14285714286
2022-01-16,25479,26703.85714285714
2022-01-17,20998,30632.571428571428
2022-01-18,32342,34579.0
2022-01-19,41478,38675.857142857145
2022-01-20,46178,42176.42857142857
2022-01-21,49845,45582.28571428572
2022-01-22,54411,49906.857142857145
2022-01-23,49983,54209.57142857143
2022-01-24,44839,58900.142857142855
2022-01-25,62614,63463.42857142857
2022-01-26,71597,67817.42857142857
2022-01-27,79012,71835.0
2022-01-28,81788,74137.85714285714
2022-01-29,84889,76862.71428571429
2022-01-30,78106,80189.71428571429
2022-01-31,60959,83822.57142857143
2022-02-01,81688,86163.85714285714
2022-02-02,94886,88647.57142857143
2022-02-03,104442,90344.71428571429
2022-02-04,98177,91351.14285714286
2022-02-05,102275,94136.28571428571
2022-02-06,89986,94552.42857142857
2022-02-07,68004,93878.28571428571
2022-02-08,101184,93902.85714285714
2022-02-09,97799,89068.28571428571
2022-02-10,99723,87275.28571428571
2022-02-11,98349,86147.57142857143
2022-02-12,68433,83720.57142857143
2022-02-13,77435,82739.28571428571
2022-02-14,60110,82090.28571428571
2022-02-15,84195,80568.71428571429
2022-02-16,90930,82438.14285714286
2022-02-17,95180,81589.42857142857
2022-02-18,87698,80417.85714285714
2022-02-19,81519,78335.28571428571
2022-02-20,71494,76824.0
2022-02-21,51909,71972.85714285714
2022-02-22,69617,68821.71428571429
2022-02-23,80351,67483.0
2022-02-24,61222,66369.0
2022-02-25,65640,66252.28571428571
2022-02-26,72148,65645.28571428571
2022-02-27,63696,64538.0
2022-02-28,51092,65830.28571428571
2022-03-01,65368,65551.28571428571
2022-03-02,72600,64328.857142857145
2022-03-03,70268,62948.42857142857
2022-03-04,63687,60935.57142857143
2022-03-05,63591,59302.71428571428
2022-03-06,54033,58055.142857142855
2022-03-07,37002,56740.142857142855
2022-03-08,53938,55640.0
2022-03-09,63867,54445.0
2022-03-10,61063,54004.142857142855
2022-03-11,55986,53340.857142857145
2022-03-12,55226,52911.857142857145
2022-03-13,50947,52061.142857142855
2022-03-14,32359,50977.57142857143
2022-03-15,50935,50005.57142857143
2022-03-16,57912,48486.57142857143
2022-03-17,53478,46859.857142857145
2022-03-18,49182,46175.142857142855
2022-03-19,44593,41777.57142857143
2022-03-20,39560,39413.28571428572
2022-03-21,27566,38880.857142857145
2022-03-22,20152,38631.57142857143
2022-03-23,41362,39022.42857142857
2022-03-24,49751,39563.57142857143
2022-03-25,47437,39871.28571428572
2022-03-26,47329,43362.857142857145
2022-03-27,43348,45112.42857142857
2022-03-28,29720,45383.57142857143
2022-03-29,44593,45643.857142857145
2022-03-30,53609,45855.28571428572
2022-03-31,51649,46407.857142857145
2022-04-01,49259,46484.28571428572
2022-04-02,48809,46656.42857142857
2022-04-03,47216,46821.0
2022-04-04,30255,47282.42857142857
2022-04-05,45798,47693.142857142855
2022-04-06,54761,48238.857142857145
2022-04-07,54879,48500.57142857143
2022-04-08,52134,48906.42857142857
2022-04-09,52629,49517.0
2022-04-10,49048,49932.0
2022-04-11,33096,49978.0
2022-04-12,50072,49629.857142857145
2022-04-13,57666,48900.57142857143
2022-04-14,55201,47494.42857142857
2022-04-15,49697,46277.857142857145
2022-04-16,47524,44957.0
2022-04-17,39205,43559.142857142855
2022-04-18,24580,42403.42857142857
2022-04-19,40826,41432.142857142855
2022-04-20,47881,40913.28571428572
2022-04-21,47111,40837.57142857143
2022-04-22,42898,40875.0
2022-04-23,43892,40835.57142857143
2022-04-24,38675,40603.142857142855
2022-04-25,24842,39826.0
2022-04-26,40550,38936.142857142855
2022-04-27,46254,36241.857142857145
2022-04-28,41671,34578.28571428572
2022-04-29,36669,33780.57142857143
2022-04-30,25032,32346.714285714286
2022-05-01,27030,29519.285714285714
2022-05-02,19258,26525.14285714286
2022-05-03,30513,24380.285714285714
2022-05-04,26462,26408.285714285714
2022-05-05,20712,28604.85714285714
2022-05-06,21655,29904.14285714286
2022-05-07,39228,31543.714285714286
2022-05-08,42406,34391.71428571428
2022-05-09,28353,37382.57142857143
2022-05-10,41990,39941.857142857145
2022-05-11,46398,39956.42857142857
2022-05-12,41648,38928.57142857143
2022-05-13,39570,37990.42857142857
2022-05-14,39330,37248.28571428572
2022-05-15,35211,36629.71428571428
2022-05-16,21786,36332.857142857145
2022-05-17,36795,36014.71428571428
2022-05-18,42068,35517.28571428572
2022-05-19,39570,35035.857142857145
2022-05-20,37343,34567.42857142857
2022-05-21,35848,33952.71428571428
2022-05-22,31841,32957.28571428572
2022-05-23,18507,31720.428571428572
2022-05-24,32492,30341.714285714286
2022-05-25,35100,28885.714285714286
2022-05-26,30912,27308.428571428572
2022-05-27,27692,26425.714285714286
2022-05-28,25656,24898.85714285714
2022-05-29,20800,23121.428571428572
2022-05-30,12328,21607.85714285714
2022-05-31,21804,20402.85714285714
2022-06-01,22658,19346.0
2022-06-02,20317,18530.85714285714
2022-06-03,19257,18069.85714285714
2022-06-04,18258,17386.571428571428
2022-06-05,15094,16779.285714285714
2022-06-06,9101,16275.142857142857
2022-06-07,17021,15750.42857142857
2022-06-08,18407,15333.285714285714
2022-06-09,16788,15097.142857142857
2022-06-10,15584,14931.57142857143
2022-06-11,15338,14687.714285714286
2022-06-12,13441,14421.57142857143
2022-06-13,7942,14243.857142857143
2022-06-14,15314,14117.142857142857
2022-06-15,16544,14045.57142857143
2022-06-16,15544,14002.714285714286
2022-06-17,14697,13981.714285714286
2022-06-18,14837,13993.142857142857
2022-06-19,13141,14098.0
2022-06-20,7795,14257.0
2022-06-21,15394,14440.0
2022-06-22,17278,14688.0
2022-06-23,16657,14846.0
2022-06-24,15978,15097.285714285714
2022-06-25,16573,15666.42857142857
2022-06-26,14247,16530.14285714286
2022-06-27,9554,17491.428571428572
2022-06-28,19378,18512.428571428572
2022-06-29,23324,19702.0
2022-06-30,23386,20993.285714285714
2022-07-01,23125,22026.285714285714
2022-07-02,24900,24434.14285714286
2022-07-03,23286,27644.14285714286
2022-07-04,16785,31155.714285714286
2022-07-05,36233,34990.42857142857
2022-07-06,45794,39288.142857142855
2022-07-07,47967,43688.0
2022-07-08,49968,46598.0
2022-07-09,54984,52278.142857142855
2022-07-10,54085,59233.28571428572
2022-07-11,37155,66349.0
2022-07-12,75994,73969.57142857143
2022-07-13,94480,81921.42857142857
2022-07-14,97777,89276.71428571429
2022-07-15,103312,94847.42857142857
2022-07-16,110647,93518.57142857143
2022-07-17,105572,101810.14285714286
2022-07-18,76150,114446.85714285714
2022-07-19,66692,127558.0
2022-07-20,152521,140455.85714285713
2022-07-21,186234,150587.2857142857
2022-07-22,195090,157780.14285714287
2022-07-23,200932,176310.14285714287
2022-07-24,176492,184464.2857142857
2022-07-25,126500,191159.85714285713
2022-07-26,196402,194903.85714285713
2022-07-27,209600,197946.42857142858
2022-07-28,233103,200986.42857142858
2022-07-29,221298,202861.85714285713
2022-07-30,222230,204935.2857142857
2022-07-31,197772,210665.0
2022-08-01,139628,211464.7142857143
2022-08-02,210916,213235.2857142857
2022-08-03,249708,213985.2857142857
2022-08-04,238701,215220.85714285713
2022-08-05,233692,214957.0
2022-08-06,227480,215178.42857142858
2022-08-07,206421,215261.2857142857
2022-08-08,137781,215462.42857142858
2022-08-09,212466,206180.42857142858
2022-08-10,250288,199917.85714285713
2022-08-11,240109,195906.42857142858
2022-08-12,168718,196005.57142857142
2022-08-13,183642,189386.0
2022-08-14,178341,186682.14285714287
2022-08-15,138475,188878.7142857143
2022-08-16,166129,202061.7142857143
2022-08-17,231361,211997.42857142858
2022-08-18,255485,218827.0
2022-08-19,260999,219176.2857142857
2022-08-20,253192,225222.2857142857
2022-08-21,226148,226955.0
2022-08-22,140920,222006.7142857143
2022-08-23,208451,212198.7142857143
2022-08-24,243490,201751.2857142857
2022-08-25,220847,191981.0
2022-08-26,192343,185539.42857142858
2022-08-27,180060,177558.14285714287
2022-08-28,157756,166989.2857142857
2022-08-29,95829,156844.85714285713
2022-08-30,152582,147964.7142857143
2022-08-31,169508,139829.2857142857
2022-09-01,149836,132695.42857142858
2022-09-02,130182,128714.42857142857
2022-09-03,123112,122937.14285714286
2022-09-04,107819,117262.0
2022-09-05,67962,111906.14285714286
2022-09-06,112141,107514.28571428571
2022-09-07,129782,103169.57142857143
2022-09-08,112345,99408.28571428571
2022-09-09,99439,97247.42857142857
2022-09-10,92699,93737.0
2022-09-11,81490,89515.14285714286
2022-09-12,52836,85735.0
2022-09-13,87568,82380.28571428571
2022-09-14,100229,79273.42857142857
2022-09-15,85884,76781.42857142857
2022-09-16,75956,74667.28571428571
2022-09-17,70951,66689.14285714286
2022-09-18,64046,62344.0
2022-09-19,38037,61128.142857142855
2022-09-20,31721,59397.0
2022-09-21,69813,54863.0
2022-09-22,77373,52393.857142857145
2022-09-23,63838,53178.71428571428
2022-09-24,39213,54891.42857142857
2022-09-25,46762,52058.0
2022-09-26,43531,47029.42857142857
2022-09-27,43710,43144.857142857145
2022-09-28,49979,42628.42857142857
2022-09-29,42173,40135.57142857143
2022-09-30,36646,36083.57142857143
2022-10-01,35598,35514.0
2022-10-02,29312,34282.42857142857
2022-10-03,15167,33034.857142857145
2022-10-04,39723,32005.85714285714
2022-10-05,41358,30746.85714285714
2022-10-06,33440,29816.0
2022-10-07,29443,29511.85714285714
2022-10-08,26785,25711.85714285714
2022-10-09,22796,26304.285714285714
2022-10-10,13038,28054.285714285714
2022-10-11,13123,29077.428571428572
2022-10-12,45505,30270.714285714286
2022-10-13,45690,31251.571428571428
2022-10-14,36605,31585.0
2022-10-15,35138,35752.28571428572
2022-10-16,29662,35473.71428571428
2022-10-17,15372,34105.142857142855
2022-10-18,42294,33389.142857142855
2022-10-19,43555,33251.28571428572
2022-10-20,36110,33424.28571428572
2022-10-21,31593,33635.71428571428
2022-10-22,34173,34408.857142857145
2022-10-23,30873,35371.57142857143
2022-10-24,16852,36318.28571428572
2022-10-25,47706,37412.71428571428
2022-10-26,50294,38891.28571428572
2022-10-27,42737,40282.42857142857
2022-10-28,39254,41066.57142857143
2022-10-29,44523,43577.142857142855
2022-10-30,40611,46448.857142857145
2022-10-31,22341,49982.57142857143
2022-11-01,65280,49241.142857142855
2022-11-02,70396,53476.42857142857
2022-11-03,67473,57160.142857142855
2022-11-04,34064,58486.0
2022-11-05,74170,60789.0
2022-11-06,66397,63219.57142857143
2022-11-07,31622,64805.857142857145
2022-11-08,81401,70524.28571428571
2022-11-09,87410,71283.71428571429
2022-11-10,78577,71640.42857142857
2022-11-11,74093,72488.0
2022-11-12,79486,75120.14285714286
2022-11-13,68894,78019.0
2022-11-14,37555,79880.28571428571
2022-11-15,99826,81549.0
2022-11-16,107702,83034.85714285714
2022-11-17,91606,84296.0
2022-11-18,85774,84991.57142857143
2022-11-19,89887,88050.14285714286
2022-11-20,77722,91715.71428571429
2022-11-21,42424,87216.0
2022-11-22,121236,91796.85714285714
2022-11-23,133361,96859.71428571429
2022-11-24,60108,99824.57142857143
2022-11-25,117840,100780.71428571429
2022-11-26,125327,102760.71428571429
2022-11-27,98476,103480.0
2022-11-28,49117,111779.0
2022-11-29,135096,110648.71428571429
2022-11-30,138396,108400.71428571429
2022-12-01,118201,107127.85714285714
2022-12-02,109928,106914.14285714286
2022-12-03,109591,107225.71428571429
2022-12-04,89566,108795.28571428571
2022-12-05,47621,110918.71428571429
2022-12-06,137277,113370.42857142857
2022-12-07,149383,117109.0
2022-12-08,133065,121338.71428571429
2022-12-09,127090,123440.85714285714
2022-12-10,135761,129114.71428571429
2022-12-11,119174,135003.85714285713
2022-12-12,62336,140064.7142857143
2022-12-13,176994,143852.14285714287
2022-12-14,190607,147083.85714285713
2022-12-15,168491,149521.42857142858
2022-12-16,153602,150747.85714285713
2022-12-17,158383,152187.2857142857
2022-12-18,136237,154521.0
2022-12-19,70921,156790.14285714287
2022-12-20,187070,159609.2857142857
2022-12-21,206943,162357.7142857143
2022-12-22,184375,164276.0
2022-12-23,173336,165181.0
2022-12-24,177622,167648.57142857142
2022-12-25,149665,168973.7142857143
2022-12-26,77256,170072.0
2022-12-27,204343,166564.57142857142
2022-12-28,216219,156542.14285714287
2022-12-29,192063,147579.14285714287
2022-12-30,148784,147437.42857142858
2022-12-31,107465,131374.7142857143
2023-01-01,86924,115386.85714285714
2023-01-02,76264,120364.14285714286
2023-01-03,91904,134186.7142857143
2023-01-04,104304,152928.0
2023-01-05,226904,167730.0
2023-01-06,245542,170450.57142857142
2023-01-07,238654,168604.57142857142
2023-01-08,190538,182114.42857142858
2023-01-09,95308,176195.57142857142
2023-01-10,78982,161700.57142857142
2023-01-11,198873,146474.42857142858
2023-01-12,185472,134723.42857142858
2023-01-13,144077,128876.28571428571
2023-01-14,132071,135707.2857142857
2023-01-15,108281,125169.42857142857
2023-01-16,54378,112443.71428571429
2023-01-17,126799,103663.28571428571
2023-01-18,125108,96075.14285714286
2023-01-19,96392,89813.57142857143
2023-01-20,82614,86698.28571428571
2023-01-21,78954,81984.28571428571
2023-01-22,64450,75448.0
2023-01-23,32571,70232.71428571429
2023-01-24,93801,66132.28571428571
2023-01-25,79354,62679.142857142855
2023-01-26,59885,59861.857142857145
2023-01-27,53911,58269.71428571428
2023-01-28,54782,51600.71428571428
2023-01-29,44729,48198.28571428572
2023-01-30,21426,46114.57142857143
2023-01-31,47118,44116.42857142857
2023-02-01,55537,41802.0
2023-02-02,45299,40049.142857142855
2023-02-03,39924,39218.57142857143
2023-02-04,38581,38881.0
2023-02-05,32459,36887.71428571428
2023-02-06,15612,35126.28571428572
2023-02-07,44755,33510.71428571428
2023-02-08,41584,31909.285714285714
2023-02-09,32969,29235.14285714286
2023-02-10,28615,28351.0
2023-02-11,27371,26538.85714285714
2023-02-12,13740,24708.571428571428
2023-02-13,9423,23048.285714285714
2023-02-14,32070,21618.428571428572
2023-02-15,28772,20154.571428571428
2023-02-16,21347,20225.85714285714
2023-02-17,18606,19882.571428571428
2023-02-18,17124,18074.0
2023-02-19,14239,16628.571428571428
2023-02-20,7020,15749.42857142857
2023-02-21,19410,14021.714285714286
2023-02-22,18654,13696.285714285714
2023-02-23,15193,13433.42857142857
2023-02-24,6512,13192.0
2023-02-25,14846,12532.285714285714
2023-02-26,12399,11860.285714285714
2023-02-27,5330,11333.57142857143
2023-02-28,14792,11906.42857142857
2023-03-01,13950,11275.714285714286
2023-03-02,11506,10751.714285714286
2023-03-03,10522,10599.285714285714
2023-03-04,10431,10224.142857142857
2023-03-05,8731,9917.714285714286
2023-03-06,4263,9678.857142857143
